timestamp,elapsed_s,z
12:43:02.941,1.691,0.06
12:43:02.994,1.744,0.07
12:43:03.050,1.800,0.07
12:43:03.105,1.855,0.06
12:43:03.160,1.910,0.06
12:43:03.214,1.964,0.06
12:43:03.269,2.019,0.06
12:43:03.323,2.073,0.06
12:43:03.377,2.127,0.06
12:43:03.432,2.182,0.06
12:43:03.487,2.237,0.07
12:43:03.539,2.289,0.05
12:43:03.596,2.346,0.06
12:43:03.656,2.406,0.06
12:43:03.717,2.467,0.06
12:43:03.771,2.521,0.06
12:43:03.826,2.576,0.04
12:43:03.889,2.639,0.06
12:43:03.947,2.697,0.06
12:43:04.002,2.752,0.06
12:43:04.057,2.807,0.05
12:43:04.111,2.861,0.06
12:43:04.167,2.917,0.06
12:43:04.221,2.971,0.05
12:43:04.275,3.025,0.06
12:43:04.336,3.086,0.05
12:43:04.396,3.146,0.05
12:43:04.451,3.201,0.07
12:43:04.506,3.256,0.05
12:43:04.566,3.316,0.06
12:43:04.621,3.371,0.06
12:43:04.675,3.425,0.06
12:43:04.736,3.486,0.06
12:43:04.798,3.548,0.06
12:43:04.850,3.600,0.06
12:43:04.906,3.656,0.06
12:43:04.966,3.716,0.06
12:43:05.030,3.780,0.05
12:43:05.087,3.837,0.06
12:43:05.148,3.898,0.06
12:43:05.202,3.952,0.06
12:43:05.257,4.007,0.06
12:43:05.312,4.062,0.06
12:43:05.366,4.116,0.06
12:43:05.420,4.170,0.06
12:43:05.475,4.225,0.06
12:43:05.537,4.287,0.06
12:43:05.591,4.342,0.06
12:43:05.646,4.396,0.05
12:43:05.700,4.450,0.07
12:43:05.754,4.504,0.06
12:43:05.809,4.559,0.06
12:43:05.863,4.613,0.06
12:43:05.924,4.674,0.07
12:43:05.979,4.729,0.06
12:43:06.033,4.783,0.05
12:43:06.088,4.838,0.06
12:43:06.142,4.892,0.06
12:43:06.194,4.944,0.06
12:43:06.246,4.996,0.06
12:43:06.299,5.049,0.06
12:43:06.354,5.104,0.06
12:43:06.409,5.159,0.06
12:43:06.463,5.213,0.06
12:43:06.518,5.268,0.06
12:43:06.572,5.322,0.06
12:43:06.626,5.376,0.07
12:43:06.681,5.431,0.06
12:43:06.735,5.485,0.04
12:43:06.790,5.540,0.04
12:43:06.845,5.595,0.04
12:43:06.899,5.649,0.07
12:43:06.954,5.704,0.06
12:43:07.008,5.758,0.06
12:43:07.064,5.814,0.06
12:43:07.125,5.875,0.06
12:43:07.179,5.929,0.05
12:43:07.233,5.983,0.06
12:43:07.288,6.038,0.06
12:43:07.342,6.092,0.06
12:43:07.397,6.147,0.06
12:43:07.451,6.201,0.06
12:43:07.506,6.256,0.06
12:43:07.566,6.317,0.06
12:43:07.627,6.377,0.06
12:43:07.681,6.431,0.06
12:43:07.735,6.485,0.05
12:43:07.790,6.540,0.07
12:43:07.844,6.594,0.06
12:43:07.899,6.649,0.06
12:43:07.959,6.710,0.06
12:43:08.015,6.765,0.06
12:43:08.069,6.819,0.06
12:43:08.123,6.873,0.05
12:43:08.178,6.928,0.05
12:43:08.232,6.982,0.06
12:43:08.287,7.037,0.06
12:43:08.348,7.098,0.06
12:43:08.402,7.152,0.05
12:43:08.457,7.207,0.05
12:43:08.513,7.263,0.06
12:43:08.567,7.317,0.07
12:43:08.621,7.371,0.06
12:43:08.676,7.426,0.06
12:43:08.730,7.480,0.07
12:43:08.785,7.535,0.06
12:43:08.840,7.590,0.06
12:43:08.894,7.644,0.05
12:43:08.949,7.699,0.06
12:43:09.003,7.753,0.05
12:43:09.058,7.808,0.06
12:43:09.112,7.862,0.05
12:43:09.166,7.916,0.06
12:43:09.221,7.971,0.06
12:43:09.276,8.026,0.06
12:43:09.335,8.085,0.06
12:43:09.397,8.147,0.06
12:43:09.452,8.202,0.06
12:43:09.506,8.256,0.06
12:43:09.560,8.310,0.06
12:43:09.614,8.364,0.06
12:43:09.669,8.419,0.06
12:43:09.723,8.473,0.06
12:43:09.778,8.528,0.07
12:43:09.832,8.582,0.06
12:43:09.887,8.637,0.06
12:43:09.950,8.700,0.07
12:43:10.014,8.764,0.05
12:43:10.066,8.816,0.06
12:43:10.120,8.870,0.05
12:43:10.173,8.923,0.06
12:43:10.229,8.979,0.07
12:43:10.282,9.032,0.07
12:43:10.337,9.087,0.06
12:43:10.391,9.141,0.06
12:43:10.443,9.193,0.05
12:43:10.495,9.245,0.06
12:43:10.549,9.299,0.06
12:43:10.602,9.352,0.06
12:43:10.658,9.408,0.06
12:43:10.715,9.465,0.07
12:43:10.767,9.517,0.06
12:43:10.828,9.578,0.06
12:43:10.882,9.632,0.04
12:43:10.937,9.687,0.06
12:43:10.997,9.747,0.07
12:43:11.051,9.801,0.07
12:43:11.106,9.856,0.06
12:43:11.160,9.910,0.07
12:43:11.214,9.964,0.07
12:43:11.269,10.019,0.06
12:43:11.323,10.073,0.06
12:43:11.379,10.129,0.06
12:43:11.432,10.182,0.06
12:43:11.487,10.238,0.06
12:43:11.537,10.287,0.06
12:43:11.598,10.348,0.06
12:43:11.660,10.410,0.05
12:43:11.726,10.476,0.06
12:43:11.789,10.539,0.06
12:43:11.842,10.592,0.05
12:43:11.899,10.649,0.05
12:43:11.955,10.705,0.06
12:43:12.008,10.758,0.07
12:43:12.060,10.810,0.06
12:43:12.114,10.864,0.05
12:43:12.173,10.923,0.05
12:43:12.221,10.971,0.05
12:43:12.276,11.026,0.06
12:43:12.331,11.081,0.06
12:43:12.385,11.135,0.06
12:43:12.434,11.184,0.05
12:43:12.489,11.239,0.06
12:43:12.543,11.293,0.06
12:43:12.595,11.345,0.05
12:43:12.653,11.403,0.06
12:43:12.709,11.459,0.06
12:43:12.762,11.512,0.06
12:43:12.818,11.568,0.05
12:43:12.872,11.622,0.06
12:43:12.924,11.674,0.07
12:43:12.977,11.727,0.07
12:43:13.033,11.783,0.06
12:43:13.085,11.835,0.05
12:43:13.137,11.887,0.06
12:43:13.197,11.947,0.06
12:43:13.250,12.000,0.07
12:43:13.306,12.056,0.06
12:43:13.354,12.105,0.07
12:43:13.415,12.165,0.06
12:43:13.464,12.214,0.07
12:43:13.524,12.274,0.06
12:43:13.573,12.323,0.06
12:43:13.628,12.378,0.05
12:43:13.683,12.433,0.06
12:43:13.736,12.486,0.06
12:43:13.797,12.547,0.06
12:43:13.851,12.601,0.06
12:43:13.901,12.651,0.06
12:43:13.957,12.707,0.05
12:43:14.008,12.758,0.06
12:43:14.063,12.813,0.05
12:43:14.118,12.868,0.05
12:43:14.173,12.923,0.05
12:43:14.227,12.977,0.06
12:43:14.287,13.037,0.06
12:43:14.348,13.098,0.05
12:43:14.402,13.152,0.06
12:43:14.457,13.207,0.05
12:43:14.518,13.268,0.06
12:43:14.568,13.318,0.06
12:43:14.621,13.371,0.06
12:43:14.676,13.426,0.06
12:43:14.731,13.481,0.05
12:43:14.781,13.531,0.05
12:43:14.840,13.590,0.05
12:43:14.894,13.644,0.06
12:43:14.955,13.705,0.07
12:43:15.009,13.759,0.06
12:43:15.061,13.811,0.06
12:43:15.113,13.863,0.06
12:43:15.168,13.918,0.06
12:43:15.228,13.978,0.06
12:43:15.283,14.033,0.06
12:43:15.343,14.093,0.07
12:43:15.402,14.152,0.05
12:43:15.454,14.204,0.06
12:43:15.507,14.257,0.06
12:43:15.560,14.310,0.06
12:43:15.615,14.365,0.06
12:43:15.669,14.419,0.06
12:43:15.721,14.471,0.06
12:43:15.773,14.523,0.06
12:43:15.827,14.577,0.05
12:43:15.887,14.637,0.05
12:43:15.948,14.698,0.07
12:43:16.008,14.758,0.05
12:43:16.070,14.820,0.06
12:43:16.125,14.875,0.06
12:43:16.186,14.936,0.07
12:43:16.253,15.003,0.05
12:43:16.331,15.081,0.06
12:43:16.409,15.159,0.06
12:43:16.482,15.232,0.05
12:43:16.567,15.317,0.07
12:43:16.646,15.396,0.05
12:43:16.721,15.471,0.06
12:43:16.797,15.547,0.06
12:43:16.852,15.602,0.06
12:43:16.904,15.654,0.06
12:43:16.967,15.717,0.05
12:43:17.022,15.772,0.06
12:43:17.075,15.825,0.06
12:43:17.147,15.897,0.07
12:43:17.226,15.976,0.06
12:43:17.297,16.047,0.07
12:43:17.371,16.121,0.07
12:43:17.435,16.185,0.05
12:43:17.506,16.256,0.07
12:43:17.582,16.332,0.06
12:43:17.654,16.404,0.06
12:43:17.719,16.469,0.06
12:43:17.774,16.524,0.05
12:43:17.831,16.581,0.06
12:43:17.891,16.641,0.06
12:43:17.943,16.693,0.05
12:43:17.998,16.748,0.06
12:43:18.052,16.802,0.06
12:43:18.107,16.857,0.06
12:43:18.167,16.917,0.06
12:43:18.222,16.972,0.06
12:43:18.299,17.049,0.06
12:43:18.354,17.104,0.06
12:43:18.411,17.161,0.06
12:43:18.468,17.218,0.06
12:43:18.523,17.273,0.06
12:43:18.584,17.334,0.06
12:43:18.651,17.401,0.06
12:43:18.706,17.456,0.05
12:43:18.769,17.519,0.06
12:43:18.831,17.581,0.05
12:43:18.897,17.647,0.06
12:43:18.953,17.703,0.06
12:43:19.014,17.764,0.06
12:43:19.073,17.823,0.06
12:43:19.126,17.876,0.06
12:43:19.178,17.928,0.06
12:43:19.231,17.981,0.06
12:43:19.293,18.043,0.05
12:43:19.360,18.110,0.06
12:43:19.428,18.178,0.06
12:43:19.484,18.234,0.06
12:43:19.543,18.293,0.06
12:43:19.597,18.347,0.06
12:43:19.652,18.402,0.05
12:43:19.706,18.456,0.06
12:43:19.758,18.508,0.06
12:43:19.811,18.561,0.06
12:43:19.873,18.623,0.06
12:43:19.926,18.676,0.05
12:43:19.981,18.731,0.07
12:43:20.033,18.783,0.07
12:43:20.088,18.838,0.07
12:43:20.148,18.898,0.06
12:43:20.203,18.953,0.06
12:43:20.257,19.007,0.06
12:43:20.309,19.059,0.05
12:43:20.366,19.116,0.06
12:43:20.421,19.171,0.06
12:43:20.475,19.225,0.05
12:43:20.530,19.280,0.06
12:43:20.581,19.331,0.06
12:43:20.634,19.384,0.06
12:43:20.695,19.445,0.06
12:43:20.756,19.506,0.05
12:43:20.804,19.554,0.06
12:43:20.860,19.610,0.06
12:43:20.913,19.663,0.06
12:43:20.967,19.717,0.07
12:43:21.022,19.772,0.06
12:43:21.077,19.827,0.07
12:43:21.131,19.881,0.06
12:43:21.197,19.947,0.06
12:43:21.252,20.002,0.05
12:43:21.306,20.056,0.07
12:43:21.355,20.105,0.06
12:43:21.410,20.160,0.05
12:43:21.461,20.211,0.06
12:43:21.519,20.269,0.05
12:43:21.574,20.324,0.06
12:43:21.627,20.377,0.06
12:43:21.688,20.438,0.06
12:43:21.751,20.501,0.07
12:43:21.803,20.553,0.06
12:43:21.858,20.608,0.06
12:43:21.918,20.668,0.06
12:43:21.972,20.722,0.06
12:43:22.027,20.777,0.06
12:43:22.086,20.836,0.06
12:43:22.137,20.887,0.06
12:43:22.186,20.936,0.07
12:43:22.251,21.001,0.05
12:43:22.301,21.051,0.06
12:43:22.367,21.117,0.06
12:43:22.423,21.173,0.07
12:43:22.476,21.226,0.06
12:43:22.537,21.287,0.07
12:43:22.592,21.342,0.06
12:43:22.646,21.396,0.05
12:43:22.701,21.451,0.05
12:43:22.761,21.511,0.06
12:43:22.816,21.566,0.06
12:43:22.873,21.623,0.07
12:43:22.937,21.687,0.06
12:43:22.994,21.744,0.07
12:43:23.049,21.799,0.07
12:43:23.106,21.856,0.06
12:43:23.157,21.907,0.06
12:43:23.209,21.959,0.05
12:43:23.264,22.014,0.05
12:43:23.318,22.068,0.06
12:43:23.373,22.123,0.06
12:43:23.427,22.177,0.07
12:43:23.488,22.238,0.05
12:43:23.543,22.293,0.06
12:43:23.602,22.352,0.06
12:43:23.658,22.408,0.06
12:43:23.713,22.463,0.06
12:43:23.766,22.516,0.06
12:43:23.816,22.566,0.06
12:43:23.871,22.621,0.06
12:43:23.925,22.675,0.06
12:43:23.981,22.731,0.06
12:43:24.035,22.785,0.06
12:43:24.093,22.843,0.05
12:43:24.149,22.899,0.06
12:43:24.210,22.960,0.06
12:43:24.283,23.033,0.06
12:43:24.337,23.087,0.07
12:43:24.397,23.147,0.06
12:43:24.446,23.196,0.07
12:43:24.507,23.257,0.07
12:43:24.561,23.311,0.05
12:43:24.615,23.365,0.06
12:43:24.667,23.417,0.05
12:43:24.724,23.474,0.06
12:43:24.779,23.529,0.07
12:43:24.833,23.583,0.07
12:43:24.888,23.638,0.06
12:43:24.941,23.691,0.07
12:43:24.996,23.746,0.06
12:43:25.053,23.803,0.07
12:43:25.107,23.857,0.06
12:43:25.167,23.917,0.05
12:43:25.228,23.978,0.06
12:43:25.289,24.039,0.06
12:43:25.341,24.091,0.08
12:43:25.398,24.148,0.06
12:43:25.446,24.196,0.07
12:43:25.502,24.252,0.06
12:43:25.556,24.306,0.06
12:43:25.608,24.358,0.06
12:43:25.661,24.411,0.06
12:43:25.713,24.463,0.06
12:43:25.768,24.518,0.06
12:43:25.828,24.578,0.05
12:43:25.883,24.633,0.05
12:43:25.936,24.686,0.07
12:43:25.991,24.742,0.07
12:43:26.047,24.797,0.06
12:43:26.100,24.850,0.06
12:43:26.155,24.905,0.06
12:43:26.209,24.959,0.05
12:43:26.264,25.014,0.06
12:43:26.318,25.068,0.06
12:43:26.373,25.123,0.06
12:43:26.427,25.177,0.06
12:43:26.483,25.233,0.07
12:43:26.536,25.286,0.06
12:43:26.587,25.337,0.06
12:43:26.641,25.391,0.06
12:43:26.695,25.445,0.06
12:43:26.743,25.493,0.06
12:43:26.798,25.548,0.06
12:43:26.860,25.610,0.05
12:43:26.919,25.669,0.06
12:43:26.976,25.726,0.06
12:43:27.035,25.785,0.06
12:43:27.096,25.846,0.07
12:43:27.155,25.905,0.06
12:43:27.215,25.965,0.06
12:43:27.271,26.021,0.07
12:43:27.325,26.075,0.05
12:43:27.380,26.130,0.06
12:43:27.435,26.185,0.05
12:43:27.489,26.239,0.06
12:43:27.544,26.294,0.05
12:43:27.610,26.360,0.06
12:43:27.663,26.413,0.06
12:43:27.724,26.474,0.06
12:43:27.778,26.528,0.06
12:43:27.833,26.583,0.06
12:43:27.898,26.648,0.06
12:43:27.959,26.709,0.05
12:43:28.012,26.762,0.06
12:43:28.064,26.814,0.06
12:43:28.113,26.863,0.06
12:43:28.174,26.924,0.07
12:43:28.227,26.977,0.06
12:43:28.283,27.033,0.06
12:43:28.331,27.082,0.06
12:43:28.398,27.148,0.06
12:43:28.458,27.208,0.06
12:43:28.513,27.263,0.05
12:43:28.568,27.318,0.05
12:43:28.628,27.378,0.06
12:43:28.684,27.434,0.05
12:43:28.737,27.487,0.06
12:43:28.786,27.536,0.06
12:43:28.846,27.596,0.06
12:43:28.902,27.652,0.06
12:43:28.955,27.705,0.06
12:43:29.004,27.754,0.06
12:43:29.064,27.814,0.07
12:43:29.118,27.868,0.05
12:43:29.179,27.929,0.06
12:43:29.240,27.990,0.06
12:43:29.294,28.044,0.06
12:43:29.348,28.098,0.06
12:43:29.400,28.150,0.07
12:43:29.452,28.202,0.07
12:43:29.506,28.256,0.07
12:43:29.568,28.318,0.05
12:43:29.621,28.371,0.06
12:43:29.681,28.431,0.05
12:43:29.746,28.496,0.06
12:43:29.802,28.552,0.05
12:43:29.857,28.607,0.07
12:43:29.910,28.660,0.06
12:43:29.967,28.717,0.06
12:43:30.021,28.771,0.05
12:43:30.072,28.822,0.07
12:43:30.131,28.881,0.06
12:43:30.184,28.934,0.06
12:43:30.241,28.991,0.06
12:43:30.298,29.048,0.06
12:43:30.354,29.104,0.07
12:43:30.408,29.158,0.06
12:43:30.463,29.213,0.06
12:43:30.513,29.263,0.06
12:43:30.580,29.330,0.06
12:43:30.634,29.384,0.06
12:43:30.687,29.437,0.07
12:43:30.747,29.497,0.06
12:43:30.808,29.558,0.06
12:43:30.868,29.618,0.06
12:43:30.933,29.683,0.07
12:43:30.992,29.742,0.05
12:43:31.054,29.804,0.05
12:43:31.109,29.859,0.05
12:43:31.167,29.917,0.06
12:43:31.229,29.979,0.06
12:43:31.283,30.033,0.07
12:43:31.338,30.088,0.06
12:43:31.398,30.148,0.06
12:43:31.453,30.203,0.06
12:43:31.508,30.258,0.07
12:43:31.566,30.316,0.06
12:43:31.619,30.369,0.07
12:43:31.672,30.422,0.06
12:43:31.727,30.477,0.06
12:43:31.783,30.533,0.06
12:43:31.836,30.586,0.06
12:43:31.893,30.643,0.05
12:43:31.946,30.696,0.06
12:43:32.005,30.755,0.06
12:43:32.059,30.809,0.06
12:43:32.118,30.868,0.06
12:43:32.173,30.923,0.06
12:43:32.225,30.975,0.05
12:43:32.276,31.026,0.06
12:43:32.331,31.081,0.06
12:43:32.386,31.136,0.06
12:43:32.440,31.190,0.06
12:43:32.493,31.243,0.06
12:43:32.544,31.294,0.06
12:43:32.602,31.352,0.06
12:43:32.657,31.407,0.06
12:43:32.706,31.456,0.05
12:43:32.767,31.517,0.05
12:43:32.820,31.570,0.06
12:43:32.876,31.626,0.06
12:43:32.928,31.678,0.06
12:43:32.981,31.731,0.06
12:43:33.034,31.784,0.07
12:43:33.082,31.832,0.05
12:43:33.142,31.892,0.07
12:43:33.197,31.947,0.06
12:43:33.252,32.002,0.06
12:43:33.302,32.052,0.06
12:43:33.355,32.105,0.06
12:43:33.409,32.159,0.06
12:43:33.462,32.212,0.07
12:43:33.518,32.268,0.07
12:43:33.581,32.332,0.07
12:43:33.634,32.384,0.06
12:43:33.688,32.438,0.06
12:43:33.749,32.499,0.05
12:43:33.803,32.553,0.06
12:43:33.858,32.608,0.07
12:43:33.909,32.659,0.05
12:43:33.967,32.717,0.04
12:43:34.022,32.772,0.08
12:43:34.077,32.827,0.06
12:43:34.130,32.880,0.06
12:43:34.186,32.936,0.06
12:43:34.246,32.996,0.06
12:43:34.299,33.049,0.05
12:43:34.352,33.102,0.05
12:43:34.406,33.156,0.06
12:43:34.460,33.210,0.06
12:43:34.514,33.264,0.07
12:43:34.568,33.318,0.06
12:43:34.622,33.372,0.06
12:43:34.676,33.426,0.06
12:43:34.730,33.480,0.05
12:43:34.785,33.535,0.06
12:43:34.840,33.590,0.06
12:43:34.892,33.642,0.06
12:43:34.943,33.693,0.06
12:43:35.003,33.753,0.07
12:43:35.058,33.808,0.06
12:43:35.119,33.869,0.06
12:43:35.173,33.923,0.06
12:43:35.228,33.978,0.06
12:43:35.288,34.038,0.06
12:43:35.349,34.099,0.06
12:43:35.404,34.154,0.06
12:43:35.458,34.208,0.06
12:43:35.518,34.268,0.06
12:43:35.572,34.322,0.05
12:43:35.623,34.373,0.05
12:43:35.694,34.444,0.05
12:43:35.747,34.498,0.07
12:43:35.803,34.553,0.06
12:43:35.859,34.609,0.06
12:43:35.906,34.656,0.05
12:43:35.962,34.712,0.06
12:43:36.023,34.773,0.06
12:43:36.076,34.826,0.06
12:43:36.124,34.874,0.06
12:43:36.182,34.932,0.06
12:43:36.234,34.984,0.06
12:43:36.290,35.040,0.06
12:43:36.343,35.093,0.07
12:43:36.397,35.147,0.06
12:43:36.452,35.202,0.05
12:43:36.511,35.261,0.06
12:43:36.567,35.317,0.05
12:43:36.628,35.378,0.05
12:43:36.682,35.432,0.07
12:43:36.734,35.484,0.06
12:43:36.797,35.547,0.05
12:43:36.849,35.599,0.06
12:43:36.904,35.654,0.06
12:43:36.963,35.713,0.05
12:43:37.016,35.766,0.06
12:43:37.065,35.815,0.06
12:43:37.120,35.870,0.07
12:43:37.174,35.924,0.06
12:43:37.223,35.973,0.07
12:43:37.279,36.029,0.06
12:43:37.342,36.092,0.06
12:43:37.395,36.145,0.07
12:43:37.447,36.197,0.06
12:43:37.501,36.251,0.07
12:43:37.555,36.305,0.06
12:43:37.604,36.354,0.06
12:43:37.664,36.414,0.07
12:43:37.716,36.466,0.06
12:43:37.768,36.518,0.05
12:43:37.826,36.576,0.06
12:43:37.886,36.636,0.06
12:43:37.938,36.688,0.06
12:43:37.993,36.743,0.06
12:43:38.044,36.794,0.06
12:43:38.101,36.851,0.06
12:43:38.154,36.904,0.06
12:43:38.206,36.956,0.06
12:43:38.264,37.014,0.05
12:43:38.319,37.069,0.06
12:43:38.372,37.122,0.06
12:43:38.428,37.178,0.05
12:43:38.488,37.238,0.06
12:43:38.544,37.294,0.07
12:43:38.598,37.348,0.06
12:43:38.652,37.402,0.06
12:43:38.702,37.452,0.06
12:43:38.767,37.517,0.07
12:43:38.823,37.573,0.06
12:43:38.880,37.630,0.06
12:43:38.938,37.688,0.06
12:43:38.992,37.742,0.06
12:43:39.046,37.796,0.06
12:43:39.100,37.850,0.06
12:43:39.152,37.902,0.05
12:43:39.209,37.959,0.06
12:43:39.262,38.012,0.05
12:43:39.320,38.070,0.06
12:43:39.374,38.124,0.05
12:43:39.429,38.179,0.07
12:43:39.483,38.233,0.05
12:43:39.537,38.287,0.06
12:43:39.592,38.342,0.05
12:43:39.645,38.395,0.06
12:43:39.698,38.448,0.06
12:43:39.757,38.507,0.06
12:43:39.810,38.560,0.09
12:43:39.864,38.614,0.03
12:43:39.923,38.673,0.06
12:43:39.976,38.726,0.06
12:43:40.027,38.777,0.06
12:43:40.092,38.842,0.06
12:43:40.144,38.894,0.06
12:43:40.198,38.948,0.06
12:43:40.253,39.003,0.05
12:43:40.306,39.056,0.06
12:43:40.362,39.112,0.07
12:43:40.416,39.166,0.07
12:43:40.472,39.222,0.06
12:43:40.525,39.275,0.06
12:43:40.580,39.330,0.06
12:43:40.634,39.385,0.05
12:43:40.689,39.439,0.07
12:43:40.743,39.493,0.06
12:43:40.797,39.547,0.06
12:43:40.852,39.602,0.06
12:43:40.907,39.657,0.07
12:43:40.961,39.711,0.06
12:43:41.012,39.762,0.06
12:43:41.073,39.823,0.05
12:43:41.128,39.878,0.06
12:43:41.180,39.930,0.05
12:43:41.234,39.984,0.07
12:43:41.289,40.039,0.08
12:43:41.346,40.096,0.06
12:43:41.409,40.159,0.08
12:43:41.466,40.216,0.06
12:43:41.522,40.272,0.04
12:43:41.590,40.340,0.06
12:43:41.646,40.396,0.06
12:43:41.708,40.458,0.07
12:43:41.762,40.512,0.06
12:43:41.813,40.563,0.05
12:43:41.866,40.616,0.06
12:43:41.931,40.681,0.06
12:43:41.985,40.735,0.06
12:43:42.038,40.788,0.06
12:43:42.093,40.843,0.06
12:43:42.152,40.902,0.05
12:43:42.215,40.965,0.05
12:43:42.276,41.026,0.05
12:43:42.336,41.086,0.05
12:43:42.395,41.145,0.05
12:43:42.443,41.193,0.06
12:43:42.502,41.252,0.06
12:43:42.568,41.318,0.06
12:43:42.627,41.377,0.06
12:43:42.685,41.435,0.06
12:43:42.739,41.489,0.06
12:43:42.791,41.541,0.06
12:43:42.846,41.596,0.06
12:43:42.898,41.648,0.05
12:43:42.950,41.700,0.05
12:43:43.003,41.753,0.06
12:43:43.059,41.809,0.06
12:43:43.114,41.864,0.06
12:43:43.168,41.918,0.06
12:43:43.226,41.976,0.06
12:43:43.278,42.028,0.06
12:43:43.332,42.082,0.06
12:43:43.386,42.136,0.05
12:43:43.441,42.191,0.06
12:43:43.494,42.244,0.06
12:43:43.550,42.300,0.06
12:43:43.605,42.355,0.05
12:43:43.657,42.407,0.06
12:43:43.712,42.462,0.07
12:43:43.767,42.517,0.06
12:43:43.822,42.572,0.06
12:43:43.878,42.628,0.06
12:43:43.931,42.681,0.05
12:43:43.985,42.735,0.07
12:43:44.037,42.787,0.06
12:43:44.089,42.839,0.06
12:43:44.144,42.894,0.07
12:43:44.198,42.948,0.06
12:43:44.253,43.003,0.06
12:43:44.307,43.057,0.07
12:43:44.361,43.111,0.06
12:43:44.416,43.166,0.06
12:43:44.471,43.221,0.06
12:43:44.526,43.276,0.06
12:43:44.580,43.330,0.07
12:43:44.637,43.387,0.05
12:43:44.689,43.439,0.05
12:43:44.747,43.497,0.06
12:43:44.797,43.547,0.05
12:43:44.862,43.612,0.06
12:43:44.920,43.670,0.06
12:43:44.973,43.723,0.06
12:43:45.028,43.778,0.06
12:43:45.084,43.834,0.06
12:43:45.136,43.886,0.06
12:43:45.191,43.941,0.06
12:43:45.246,43.996,0.06
12:43:45.300,44.050,0.06
12:43:45.352,44.102,0.06
12:43:45.407,44.157,0.06
12:43:45.465,44.215,0.05
12:43:45.513,44.263,0.06
12:43:45.573,44.323,0.06
12:43:45.628,44.378,0.06
12:43:45.682,44.432,0.07
12:43:45.737,44.487,0.06
12:43:45.791,44.541,0.07
12:43:45.846,44.596,0.06
12:43:45.901,44.651,0.06
12:43:45.955,44.705,0.06
12:43:46.010,44.760,0.07
12:43:46.072,44.822,0.06
12:43:46.131,44.881,0.06
12:43:46.182,44.932,0.05
12:43:46.241,44.991,0.06
12:43:46.292,45.042,0.06
12:43:46.344,45.094,0.06
12:43:46.397,45.147,0.06
12:43:46.448,45.198,0.06
12:43:46.502,45.252,0.05
12:43:46.556,45.306,0.05
12:43:46.610,45.360,0.05
12:43:46.663,45.413,0.06
12:43:46.720,45.470,0.06
12:43:46.773,45.523,0.07
12:43:46.829,45.579,0.06
12:43:46.882,45.632,0.07
12:43:46.937,45.687,0.06
12:43:46.987,45.737,0.06
12:43:47.046,45.796,0.05
12:43:47.101,45.851,0.05
12:43:47.155,45.905,0.05
12:43:47.210,45.960,0.05
12:43:47.265,46.015,0.06
12:43:47.319,46.069,0.06
12:43:47.380,46.130,0.06
12:43:47.440,46.190,0.07
12:43:47.495,46.245,0.06
12:43:47.551,46.301,0.06
12:43:47.605,46.355,0.06
12:43:47.659,46.409,0.05
12:43:47.713,46.463,0.06
12:43:47.767,46.517,0.06
12:43:47.829,46.579,0.06
12:43:47.883,46.633,0.05
12:43:47.937,46.687,0.06
12:43:47.993,46.743,0.06
12:43:48.047,46.797,0.06
12:43:48.108,46.858,0.06
12:43:48.169,46.919,0.06
12:43:48.222,46.972,0.06
12:43:48.279,47.029,0.07
12:43:48.332,47.082,0.05
12:43:48.386,47.136,0.07
12:43:48.439,47.189,0.07
12:43:48.495,47.245,0.06
12:43:48.549,47.299,0.05
12:43:48.610,47.360,0.07
12:43:48.665,47.415,0.06
12:43:48.719,47.469,0.06
12:43:48.782,47.532,0.06
12:43:48.835,47.585,0.06
12:43:48.889,47.639,0.05
12:43:48.952,47.702,0.08
12:43:49.004,47.754,0.07
12:43:49.059,47.809,0.04
12:43:49.114,47.864,0.07
12:43:49.169,47.919,0.06
12:43:49.223,47.973,0.06
12:43:49.277,48.027,0.05
12:43:49.332,48.082,0.07
12:43:49.386,48.136,0.06
12:43:49.441,48.191,0.07
12:43:49.492,48.242,0.07
12:43:49.544,48.294,0.07
12:43:49.599,48.349,0.07
12:43:49.659,48.409,0.06
12:43:49.714,48.464,0.06
12:43:49.768,48.518,0.06
12:43:49.830,48.580,0.05
12:43:49.880,48.630,0.06
12:43:49.938,48.688,0.06
12:43:49.993,48.743,0.06
12:43:50.046,48.796,0.06
12:43:50.101,48.851,0.05
12:43:50.155,48.905,0.06
12:43:50.210,48.960,0.06
12:43:50.264,49.014,0.06
12:43:50.316,49.066,0.06
12:43:50.368,49.118,0.06
12:43:50.422,49.172,0.06
12:43:50.477,49.227,0.06
12:43:50.532,49.282,0.06
12:43:50.585,49.335,0.07
12:43:50.641,49.391,0.06
12:43:50.695,49.445,0.07
12:43:50.750,49.500,0.05
12:43:50.803,49.553,0.06
12:43:50.859,49.609,0.1
12:43:50.914,49.664,0.08
12:43:50.968,49.718,0.06
12:43:51.022,49.772,0.06
12:43:51.077,49.827,0.05
12:43:51.132,49.883,0.06
12:43:51.187,49.937,0.06
12:43:51.242,49.992,0.05
12:43:51.296,50.046,0.07
12:43:51.351,50.101,0.07
12:43:51.405,50.155,0.06
12:43:51.459,50.209,0.06
12:43:51.514,50.264,0.06
12:43:51.568,50.318,0.05
12:43:51.623,50.373,0.07
12:43:51.677,50.427,0.06
12:43:51.731,50.481,0.07
12:43:51.786,50.536,0.06
12:43:51.841,50.591,0.06
12:43:51.895,50.645,0.06
12:43:51.950,50.700,0.05
12:43:52.010,50.760,0.07
12:43:52.066,50.816,0.07
12:43:52.118,50.868,0.06
12:43:52.171,50.921,0.06
12:43:52.223,50.973,0.06
12:43:52.278,51.028,0.06
12:43:52.339,51.089,0.06
12:43:52.394,51.144,0.06
12:43:52.447,51.197,0.06
12:43:52.502,51.252,0.05
12:43:52.561,51.311,0.06
12:43:52.617,51.367,0.06
12:43:52.666,51.416,0.06
12:43:52.726,51.476,0.06
12:43:52.775,51.525,0.06
12:43:52.835,51.585,0.06
12:43:52.890,51.640,0.06
12:43:52.943,51.693,0.06
12:43:53.000,51.750,0.07
12:43:53.053,51.803,0.06
12:43:53.113,51.863,0.06
12:43:53.168,51.918,0.05
12:43:53.222,51.972,0.06
12:43:53.277,52.027,0.06
12:43:53.331,52.081,0.05
12:43:53.386,52.136,0.06
12:43:53.441,52.191,0.06
12:43:53.495,52.245,0.06
12:43:53.550,52.300,0.06
12:43:53.605,52.355,0.05
12:43:53.660,52.410,0.06
12:43:53.715,52.465,0.06
12:43:53.763,52.513,0.06
12:43:53.824,52.574,0.06
12:43:53.878,52.628,0.06
12:43:53.932,52.682,0.06
12:43:53.983,52.733,0.06
12:43:54.041,52.791,0.06
12:43:54.096,52.846,0.05
12:43:54.150,52.900,0.07
12:43:54.206,52.956,0.07
12:43:54.259,53.009,0.06
12:43:54.315,53.065,0.06
12:43:54.369,53.119,0.06
12:43:54.429,53.179,0.06
12:43:54.490,53.240,0.06
12:43:54.544,53.294,0.06
12:43:54.596,53.346,0.06
12:43:54.652,53.402,0.06
12:43:54.707,53.457,0.06
12:43:54.762,53.512,0.06
12:43:54.816,53.566,0.06
12:43:54.871,53.621,0.05
12:43:54.925,53.675,0.06
12:43:54.980,53.730,0.06
12:43:55.035,53.785,0.06
12:43:55.094,53.844,0.06
12:43:55.150,53.900,0.06
12:43:55.205,53.955,0.06
12:43:55.260,54.010,0.06
12:43:55.315,54.065,0.06
12:43:55.369,54.119,0.06
12:43:55.424,54.174,0.05
12:43:55.478,54.228,0.06
12:43:55.533,54.283,0.06
12:43:55.588,54.338,0.06
12:43:55.641,54.392,0.04
12:43:55.696,54.446,0.06
12:43:55.750,54.500,0.05
12:43:55.805,54.555,0.07
12:43:55.865,54.615,1.0
12:43:55.922,54.672,-2.29
12:43:55.975,54.725,1.0
12:43:56.032,54.782,-2.31
12:43:56.089,54.839,0.38
12:43:56.150,54.900,-0.02
12:43:56.205,54.955,0.7
12:43:56.259,55.009,-1.36
12:43:56.313,55.063,-1.07
12:43:56.368,55.118,1.0
12:43:56.422,55.172,-0.78
12:43:56.476,55.227,1.0
12:43:56.531,55.281,0.89
12:43:56.583,55.333,-0.26
12:43:56.636,55.386,1.0
12:43:56.691,55.441,1.0
12:43:56.744,55.494,0.3
12:43:56.793,55.543,0.02
12:43:56.853,55.603,1.0
12:43:56.907,55.657,0.5
12:43:56.961,55.711,0.97
12:43:57.018,55.768,1.0
12:43:57.073,55.823,-2.87
12:43:57.126,55.876,1.0
12:43:57.179,55.929,-2.26
12:43:57.233,55.983,0.08
12:43:57.289,56.039,-1.65
12:43:57.351,56.101,1.0
12:43:57.404,56.154,-3.0
12:43:57.458,56.208,1.0
12:43:57.515,56.265,-3.0
12:43:57.568,56.318,0.57
12:43:57.628,56.378,-0.5
12:43:57.683,56.433,1.0
12:43:57.738,56.488,1.0
12:43:57.792,56.542,-1.0
12:43:57.846,56.596,0.11
12:43:57.901,56.651,0.9
12:43:57.956,56.706,0.73
12:43:58.010,56.760,1.0
12:43:58.066,56.816,-2.92
12:43:58.120,56.871,1.0
12:43:58.169,56.919,-1.38
12:43:58.224,56.974,1.0
12:43:58.289,57.039,-0.66
12:43:58.347,57.097,1.0
12:43:58.398,57.148,-0.5
12:43:58.448,57.198,0.38
12:43:58.503,57.253,0.54
12:43:58.555,57.305,-1.01
12:43:58.605,57.355,0.77
12:43:58.665,57.415,1.0
12:43:58.720,57.470,0.46
12:43:58.775,57.525,1.0
12:43:58.830,57.580,1.0
12:43:58.878,57.628,-0.77
12:43:58.938,57.688,-0.96
12:43:58.993,57.743,1.0
12:43:59.048,57.798,1.0
12:43:59.101,57.851,-1.19
12:43:59.156,57.906,0.9
12:43:59.211,57.961,-1.74
12:43:59.265,58.015,1.0
12:43:59.320,58.070,-0.63
12:43:59.380,58.130,1.0
12:43:59.435,58.185,-3.0
12:43:59.489,58.239,-0.01
12:43:59.541,58.291,-1.99
12:43:59.593,58.343,0.63
12:43:59.654,58.404,-3.0
12:43:59.709,58.459,1.0
12:43:59.762,58.512,-2.13
12:43:59.817,58.567,1.0
12:43:59.871,58.621,-0.11
12:43:59.923,58.673,0.21
12:43:59.976,58.726,1.0
12:44:00.032,58.782,1.0
12:44:00.083,58.833,-1.79
12:44:00.140,58.890,-1.1
12:44:00.199,58.949,0.67
12:44:00.254,59.004,-0.32
12:44:00.309,59.059,-0.88
12:44:00.359,59.109,1.0
12:44:00.418,59.168,-3.0
12:44:00.471,59.221,1.0
12:44:00.530,59.280,-0.99
12:44:00.586,59.336,1.0
12:44:00.638,59.388,-2.16
12:44:00.695,59.445,0.91
12:44:00.750,59.500,0.43
12:44:00.805,59.555,-1.47
12:44:00.859,59.609,-0.92
12:44:00.914,59.664,1.0
12:44:00.968,59.718,1.0
12:44:01.022,59.772,1.0
12:44:01.077,59.827,0.0
12:44:01.133,59.883,0.54
12:44:01.187,59.937,-1.26
12:44:01.243,59.993,1.0
12:44:01.297,60.047,-0.3
12:44:01.353,60.103,0.25
12:44:01.406,60.157,-1.78
12:44:01.457,60.207,-1.17
12:44:01.520,60.270,1.0
12:44:01.575,60.325,0.8
12:44:01.630,60.380,0.77
12:44:01.684,60.434,-0.43
12:44:01.739,60.489,1.0
12:44:01.805,60.555,-3.0
12:44:01.870,60.620,-0.3
12:44:01.938,60.688,-1.55
12:44:01.991,60.741,-0.47
12:44:02.053,60.803,-1.66
12:44:02.115,60.865,-1.34
12:44:02.178,60.928,-1.11
12:44:02.237,60.987,0.04
12:44:02.294,61.044,-0.1
12:44:02.354,61.104,0.43
12:44:02.406,61.156,0.37
12:44:02.459,61.209,-0.08
12:44:02.514,61.264,-2.41
12:44:02.569,61.319,1.0
12:44:02.624,61.374,-3.0
12:44:02.678,61.428,1.0
12:44:02.735,61.485,-3.0
12:44:02.787,61.537,0.27
12:44:02.842,61.592,-0.97
12:44:02.896,61.646,1.0
12:44:02.950,61.700,-2.11
12:44:03.009,61.759,0.74
12:44:03.073,61.823,-1.05
12:44:03.124,61.874,1.0
12:44:03.186,61.936,-2.56
12:44:03.242,61.992,-1.74
12:44:03.301,62.051,-0.04
12:44:03.365,62.115,1.0
12:44:03.418,62.168,0.08
12:44:03.472,62.222,0.81
12:44:03.530,62.280,-0.99
12:44:03.589,62.339,1.0
12:44:03.641,62.391,0.03
12:44:03.695,62.445,1.0
12:44:03.750,62.500,1.0
12:44:03.806,62.556,1.0
12:44:03.859,62.609,-0.76
12:44:03.914,62.664,0.09
12:44:03.971,62.721,1.0
12:44:04.029,62.779,0.23
12:44:04.084,62.834,-0.36
12:44:04.141,62.891,-3.0
12:44:04.195,62.945,0.29
12:44:04.253,63.003,1.0
12:44:04.303,63.053,1.0
12:44:04.363,63.113,-2.08
12:44:04.418,63.168,1.0
12:44:04.471,63.221,-0.8
12:44:04.528,63.278,1.0
12:44:04.589,63.339,0.36
12:44:04.644,63.394,1.0
12:44:04.697,63.447,-1.09
12:44:04.754,63.504,-0.28
12:44:04.807,63.557,-1.63
12:44:04.878,63.628,0.48
12:44:04.932,63.682,0.52
12:44:04.990,63.740,1.0
12:44:05.043,63.793,-2.31
12:44:05.108,63.858,1.0
12:44:05.161,63.911,-0.51
12:44:05.217,63.967,1.0
12:44:05.275,64.025,1.0
12:44:05.332,64.082,1.0
12:44:05.391,64.141,-1.25
12:44:05.450,64.200,0.2
12:44:05.502,64.252,-1.74
12:44:05.556,64.306,-1.11
12:44:05.613,64.363,1.0
12:44:05.678,64.428,1.0
12:44:05.730,64.480,1.0
12:44:05.786,64.536,-0.61
12:44:05.844,64.594,-1.35
12:44:05.900,64.650,1.0
12:44:05.951,64.701,-2.32
12:44:06.004,64.754,0.75
12:44:06.060,64.810,1.0
12:44:06.120,64.870,0.13
12:44:06.175,64.925,-0.29
12:44:06.226,64.976,1.0
12:44:06.285,65.035,1.0
12:44:06.339,65.089,1.0
12:44:06.409,65.159,1.0
12:44:06.465,65.215,-2.12
12:44:06.522,65.272,0.22
12:44:06.575,65.325,-2.6
12:44:06.628,65.378,1.0
12:44:06.684,65.434,-3.0
12:44:06.740,65.490,-1.97
12:44:06.794,65.544,-3.0
12:44:06.845,65.595,1.0
12:44:06.900,65.650,-1.41
12:44:06.963,65.713,1.0
12:44:07.017,65.767,1.0
12:44:07.066,65.816,1.0
12:44:07.127,65.877,-2.76
12:44:07.175,65.925,1.0
12:44:07.237,65.987,-2.92
12:44:07.295,66.045,1.0
12:44:07.351,66.101,-1.94
12:44:07.403,66.153,1.0
12:44:07.455,66.205,-2.72
12:44:07.508,66.258,0.55
12:44:07.574,66.324,0.98
12:44:07.630,66.380,1.0
12:44:07.689,66.439,-1.0
12:44:07.739,66.489,-1.29
12:44:07.803,66.554,-1.94
12:44:07.856,66.606,-0.03
12:44:07.909,66.659,-1.54
12:44:07.964,66.714,1.0
12:44:08.024,66.774,0.02
12:44:08.081,66.831,1.0
12:44:08.133,66.883,0.46
12:44:08.190,66.940,1.0
12:44:08.241,66.991,-1.79
12:44:08.296,67.046,1.0
12:44:08.350,67.100,1.0
12:44:08.405,67.155,-1.22
12:44:08.459,67.209,-1.6
12:44:08.514,67.264,1.0
12:44:08.565,67.315,-0.1
12:44:08.617,67.368,-0.51
12:44:08.673,67.423,0.96
12:44:08.727,67.477,-1.43
12:44:08.782,67.532,1.0
12:44:08.836,67.586,-0.06
12:44:08.891,67.641,0.05
12:44:08.945,67.695,-2.17
12:44:09.017,67.767,-1.77
12:44:09.066,67.816,-2.86
12:44:09.124,67.874,1.0
12:44:09.175,67.925,-1.81
12:44:09.238,67.988,0.85
12:44:09.290,68.040,-0.3
12:44:09.354,68.104,0.87
12:44:09.412,68.162,-2.46
12:44:09.467,68.217,1.0
12:44:09.522,68.272,0.5
12:44:09.579,68.329,1.0
12:44:09.636,68.386,-3.0
12:44:09.690,68.440,1.0
12:44:09.751,68.501,-1.2
12:44:09.805,68.555,-1.4
12:44:09.868,68.618,0.19
12:44:09.920,68.670,-0.87
12:44:09.980,68.730,-0.59
12:44:10.036,68.786,1.0
12:44:10.093,68.843,-0.6
12:44:10.149,68.899,-1.31
12:44:10.200,68.950,-0.29
12:44:10.254,69.004,1.0
12:44:10.315,69.065,-2.15
12:44:10.378,69.128,1.0
12:44:10.430,69.180,0.5
12:44:10.486,69.236,1.0
12:44:10.539,69.289,-2.05
12:44:10.597,69.347,1.0
12:44:10.654,69.404,-2.39
12:44:10.708,69.459,-0.85
12:44:10.769,69.519,-2.53
12:44:10.823,69.573,-2.12
12:44:10.885,69.635,0.87
12:44:10.939,69.689,0.54
12:44:11.005,69.755,1.0
12:44:11.060,69.810,1.0
12:44:11.111,69.861,0.44
12:44:11.168,69.918,-3.0
12:44:11.224,69.974,1.0
12:44:11.278,70.028,-1.69
12:44:11.329,70.079,-1.13
12:44:11.384,70.134,-3.0
12:44:11.441,70.191,-0.8
12:44:11.496,70.246,1.0
12:44:11.551,70.301,0.68
12:44:11.611,70.361,0.03
12:44:11.667,70.417,1.0
12:44:11.736,70.486,-0.05
12:44:11.800,70.550,0.78
12:44:11.860,70.610,-2.76
12:44:11.915,70.665,-0.82
12:44:11.976,70.726,-0.03
12:44:12.034,70.784,-0.5
12:44:12.089,70.839,-2.54
12:44:12.139,70.889,1.0
12:44:12.194,70.944,0.46
12:44:12.248,70.998,1.0
12:44:12.303,71.053,1.0
12:44:12.358,71.108,0.68
12:44:12.411,71.161,-2.01
12:44:12.464,71.214,0.97
12:44:12.523,71.273,-1.77
12:44:12.581,71.331,1.0
12:44:12.635,71.385,-1.03
12:44:12.694,71.444,1.0
12:44:12.753,71.503,-2.45
12:44:12.813,71.563,-0.33
12:44:12.869,71.619,-2.31
12:44:12.921,71.671,1.0
12:44:12.984,71.734,-1.04
12:44:13.036,71.786,0.13
12:44:13.091,71.841,0.72
12:44:13.146,71.896,-0.69
12:44:13.200,71.950,-2.89
12:44:13.259,72.009,0.53
12:44:13.309,72.059,-0.04
12:44:13.370,72.120,1.0
12:44:13.426,72.176,1.0
12:44:13.481,72.231,1.0
12:44:13.534,72.284,1.0
12:44:13.589,72.339,1.0
12:44:13.642,72.392,-1.45
12:44:13.703,72.453,1.0
12:44:13.757,72.507,-1.22
12:44:13.814,72.564,-0.86
12:44:13.866,72.616,-2.23
12:44:13.921,72.671,1.0
12:44:13.976,72.726,1.0
12:44:14.028,72.778,0.63
12:44:14.082,72.832,0.16
12:44:14.138,72.888,1.0
12:44:14.194,72.944,0.7
12:44:14.248,72.998,-1.39
12:44:14.305,73.055,1.0
12:44:14.360,73.110,-2.91
12:44:14.428,73.178,-0.51
12:44:14.480,73.230,-3.0
12:44:14.527,73.277,0.92
12:44:14.584,73.334,0.25
12:44:14.636,73.386,0.21
12:44:14.691,73.441,1.0
12:44:14.746,73.496,0.23
12:44:14.799,73.549,-0.27
12:44:14.856,73.606,0.6
12:44:14.912,73.662,0.32
12:44:14.965,73.715,1.0
12:44:15.024,73.774,-3.0
12:44:15.076,73.826,1.0
12:44:15.133,73.883,0.56
12:44:15.186,73.936,1.0
12:44:15.244,73.994,-1.38
12:44:15.297,74.047,0.81
12:44:15.358,74.108,-0.26
12:44:15.406,74.156,-0.65
12:44:15.467,74.217,-0.46
12:44:15.521,74.271,1.0
12:44:15.581,74.331,-2.97
12:44:15.642,74.392,1.0
12:44:15.696,74.446,0.08
12:44:15.751,74.501,-2.56
12:44:15.811,74.561,0.07
12:44:15.863,74.613,-2.01
12:44:15.926,74.676,0.0
12:44:15.981,74.731,-0.67
12:44:16.037,74.787,-0.52
12:44:16.097,74.847,1.0
12:44:16.154,74.904,-2.48
12:44:16.212,74.962,-0.57
12:44:16.266,75.016,1.0
12:44:16.321,75.071,0.69
12:44:16.382,75.132,1.0
12:44:16.436,75.186,1.0
12:44:16.489,75.240,1.0
12:44:16.549,75.299,-3.0
12:44:16.600,75.350,1.0
12:44:16.657,75.407,-0.93
12:44:16.711,75.461,1.0
12:44:16.768,75.518,0.87
12:44:16.821,75.571,1.0
12:44:16.877,75.627,-0.37
12:44:16.934,75.684,1.0
12:44:16.988,75.738,0.3
12:44:17.044,75.794,-2.11
12:44:17.096,75.846,-1.78
12:44:17.151,75.901,0.53
12:44:17.203,75.953,-1.61
12:44:17.260,76.010,1.0
12:44:17.314,76.064,-0.09
12:44:17.369,76.119,1.0
12:44:17.423,76.173,-2.47
12:44:17.478,76.228,0.11
12:44:17.533,76.283,-1.35
12:44:17.595,76.345,1.0
12:44:17.648,76.398,-1.73
12:44:17.704,76.454,-0.33
12:44:17.758,76.508,-0.18
12:44:17.812,76.562,-1.4
12:44:17.867,76.617,1.0
12:44:17.924,76.674,-1.13
12:44:17.984,76.734,0.62
12:44:18.036,76.786,1.0
12:44:18.096,76.846,0.74
12:44:18.149,76.899,1.0
12:44:18.206,76.956,-1.4
12:44:18.260,77.010,1.0
12:44:18.322,77.072,-0.73
12:44:18.380,77.131,0.98
12:44:18.442,77.192,-0.62
12:44:18.494,77.244,1.0
12:44:18.548,77.298,0.82
12:44:18.599,77.349,-1.09
12:44:18.653,77.403,1.0
12:44:18.708,77.458,0.19
12:44:18.763,77.513,1.0
12:44:18.817,77.567,0.21
12:44:18.872,77.622,0.53
12:44:18.924,77.674,-1.51
12:44:18.982,77.732,-0.65
12:44:19.035,77.785,-3.0
12:44:19.087,77.837,-1.53
12:44:19.144,77.894,-1.37
12:44:19.200,77.950,-0.47
12:44:19.249,77.999,0.78
12:44:19.309,78.059,0.16
12:44:19.370,78.120,-2.46
12:44:19.424,78.174,0.46
12:44:19.475,78.225,-0.87
12:44:19.527,78.277,1.0
12:44:19.582,78.332,-3.0
12:44:19.641,78.391,-0.6
12:44:19.696,78.446,-3.0
12:44:19.755,78.505,1.0
12:44:19.806,78.556,-0.19
12:44:19.861,78.611,0.52
12:44:19.921,78.671,1.0
12:44:19.976,78.726,1.0
12:44:20.033,78.783,0.51
12:44:20.087,78.837,-0.38
12:44:20.144,78.894,-2.0
12:44:20.204,78.954,0.4
12:44:20.260,79.010,-2.29
12:44:20.322,79.072,1.0
12:44:20.372,79.122,-1.6
12:44:20.429,79.179,1.0
12:44:20.484,79.234,-0.17
12:44:20.537,79.288,1.0
12:44:20.599,79.349,-2.51
12:44:20.651,79.401,1.0
12:44:20.709,79.459,-1.42
12:44:20.759,79.509,-1.12
12:44:20.825,79.575,-1.23
12:44:20.890,79.640,-1.33
12:44:20.940,79.690,-1.95
12:44:20.994,79.744,0.96
12:44:21.049,79.799,0.73
12:44:21.104,79.854,-0.92
12:44:21.160,79.910,0.14
12:44:21.214,79.964,-3.0
12:44:21.277,80.027,1.0
12:44:21.343,80.093,1.0
12:44:21.411,80.161,0.82
12:44:21.464,80.214,1.0
12:44:21.518,80.268,1.0
12:44:21.570,80.320,0.05
12:44:21.633,80.383,-0.56
12:44:21.688,80.438,1.0
12:44:21.745,80.495,1.0
12:44:21.799,80.549,-2.73
12:44:21.851,80.601,1.0
12:44:21.902,80.652,0.45
12:44:21.957,80.707,0.08
12:44:22.012,80.762,-2.49
12:44:22.068,80.818,1.0
12:44:22.123,80.873,-1.87
12:44:22.176,80.926,-0.65
12:44:22.230,80.980,1.0
12:44:22.284,81.034,1.0
12:44:22.346,81.096,-2.16
12:44:22.407,81.157,1.0
12:44:22.467,81.217,-1.39
12:44:22.521,81.271,-2.12
12:44:22.576,81.326,0.52
12:44:22.628,81.378,-0.14
12:44:22.679,81.429,0.81
12:44:22.732,81.482,-0.11
12:44:22.789,81.539,-3.0
12:44:22.843,81.593,1.0
12:44:22.897,81.647,-1.23
12:44:22.952,81.702,0.96
12:44:23.006,81.756,-1.66
12:44:23.058,81.808,0.97
12:44:23.110,81.860,-0.14
12:44:23.173,81.923,1.0
12:44:23.238,81.988,1.0
12:44:23.308,82.058,1.0
12:44:23.366,82.116,0.31
12:44:23.422,82.172,1.0
12:44:23.475,82.225,0.1
12:44:23.527,82.278,-0.27
12:44:23.581,82.331,-1.05
12:44:23.635,82.385,1.0
12:44:23.685,82.435,-1.89
12:44:23.742,82.492,-3.0
12:44:23.805,82.555,0.89
12:44:23.885,82.635,-1.24
12:44:23.949,82.699,-1.09
12:44:24.009,82.759,0.68
12:44:24.067,82.817,1.0
12:44:24.121,82.871,0.94
12:44:24.175,82.925,-0.88
12:44:24.226,82.976,-1.15
12:44:24.279,83.029,0.66
12:44:24.339,83.090,-3.0
12:44:24.395,83.145,-0.71
12:44:24.455,83.205,-3.0
12:44:24.515,83.265,1.0
12:44:24.572,83.322,-1.0
12:44:24.627,83.377,-0.58
12:44:24.684,83.434,0.88
12:44:24.739,83.489,0.85
12:44:24.790,83.540,-2.06
12:44:24.848,83.598,-1.11
12:44:24.906,83.656,0.23
12:44:24.970,83.720,1.0
12:44:25.035,83.785,-2.62
12:44:25.093,83.843,-0.27
12:44:25.152,83.902,0.36
12:44:25.206,83.956,1.0
12:44:25.272,84.022,0.44
12:44:25.326,84.076,1.0
12:44:25.388,84.138,-1.37
12:44:25.437,84.187,0.91
12:44:25.493,84.243,0.63
12:44:25.546,84.296,1.0
12:44:25.601,84.351,-1.08
12:44:25.655,84.405,-0.61
12:44:25.709,84.459,-0.88
12:44:25.758,84.508,1.0
12:44:25.815,84.565,1.0
12:44:25.875,84.625,1.0
12:44:25.932,84.682,-0.09
12:44:25.988,84.738,-0.58
12:44:26.045,84.795,0.53
12:44:26.101,84.851,1.0
12:44:26.176,84.926,-0.44
12:44:26.267,85.017,0.22
12:44:26.370,85.120,0.34
12:44:26.455,85.205,1.0
12:44:26.535,85.285,0.94
12:44:26.617,85.367,-2.44
12:44:26.683,85.433,1.0
12:44:26.749,85.499,-2.22
12:44:26.820,85.570,1.0
12:44:26.883,85.633,-3.0
12:44:26.955,85.705,0.43
12:44:27.043,85.793,0.61
12:44:27.118,85.868,1.0
12:44:27.193,85.943,-1.35
12:44:27.256,86.006,-2.0
12:44:27.328,86.078,0.75
12:44:27.402,86.152,1.0
12:44:27.473,86.223,-0.34
12:44:27.538,86.288,1.0
12:44:27.596,86.346,-1.27
12:44:27.655,86.405,1.0
12:44:27.715,86.465,-2.88
12:44:27.787,86.537,1.0
12:44:27.845,86.595,-3.0
12:44:27.905,86.655,1.0
12:44:27.963,86.713,0.05
12:44:28.028,86.778,-2.53
12:44:28.099,86.849,-1.85
12:44:28.168,86.918,-0.33
12:44:28.243,86.993,-1.13
12:44:28.305,87.055,-0.54
12:44:28.380,87.130,0.16
12:44:28.461,87.211,0.88
12:44:28.526,87.276,-2.76
12:44:28.602,87.352,1.0
12:44:28.670,87.420,-1.42
12:44:28.737,87.487,1.0
12:44:28.804,87.554,-0.29
12:44:28.870,87.620,1.0
12:44:28.939,87.689,-1.26
12:44:29.005,87.755,1.0
12:44:29.076,87.826,-2.33
12:44:29.137,87.887,1.0
12:44:29.198,87.948,1.0
12:44:29.263,88.013,-1.19
12:44:29.325,88.075,1.0
12:44:29.383,88.133,0.48
12:44:29.443,88.193,0.3
12:44:29.499,88.249,0.05
12:44:29.567,88.317,1.0
12:44:29.632,88.382,-0.29
12:44:29.695,88.445,-1.6
12:44:29.762,88.512,-1.54
12:44:29.827,88.577,0.37
12:44:29.893,88.643,1.0
12:44:29.955,88.705,-0.23
12:44:30.017,88.767,0.98
12:44:30.085,88.835,1.0
12:44:30.151,88.901,-1.9
12:44:30.230,88.980,-0.22
12:44:30.293,89.043,-1.42
12:44:30.362,89.112,1.0
12:44:30.425,89.175,-2.41
12:44:30.495,89.245,-0.04
12:44:30.550,89.300,-0.36
12:44:30.612,89.362,-0.04
12:44:30.678,89.428,-0.8
12:44:30.747,89.497,1.0
12:44:30.809,89.559,-2.13
12:44:30.876,89.626,0.89
12:44:30.941,89.691,0.95
12:44:31.000,89.750,0.12
12:44:31.070,89.820,0.84
12:44:31.137,89.887,0.74
12:44:31.208,89.958,-3.0
12:44:31.273,90.023,-0.19
12:44:31.343,90.093,0.82
12:44:31.409,90.159,1.0
12:44:31.476,90.226,0.32
12:44:31.545,90.295,1.0
12:44:31.610,90.360,1.0
12:44:31.682,90.432,1.0
12:44:31.748,90.499,0.63
12:44:31.817,90.567,-0.13
12:44:31.891,90.641,-1.35
12:44:31.958,90.708,-1.46
12:44:32.026,90.776,1.0
12:44:32.082,90.832,0.55
12:44:32.158,90.908,-0.71
12:44:32.215,90.965,1.0
12:44:32.274,91.024,0.79
12:44:32.328,91.078,1.0
12:44:32.388,91.138,-1.86
12:44:32.443,91.193,-2.09
12:44:32.505,91.255,1.0
12:44:32.560,91.310,-3.0
12:44:32.634,91.384,0.62
12:44:32.696,91.446,0.51
12:44:32.764,91.514,-2.66
12:44:32.831,91.581,-2.58
12:44:32.898,91.648,0.54
12:44:32.983,91.733,-0.02
12:44:33.051,91.801,0.55
12:44:33.117,91.867,0.52
12:44:33.185,91.935,-1.5
12:44:33.252,92.002,-2.19
12:44:33.319,92.070,0.55
12:44:33.388,92.138,-0.37
12:44:33.458,92.208,1.0
12:44:33.523,92.273,-1.69
12:44:33.584,92.334,1.0
12:44:33.641,92.391,0.37
12:44:33.704,92.454,-0.25
12:44:33.760,92.511,-1.92
12:44:33.819,92.569,-0.35
12:44:33.877,92.627,1.0
12:44:33.938,92.688,-0.33
12:44:33.993,92.743,-3.0
12:44:34.060,92.810,1.0
12:44:34.134,92.884,-0.69
12:44:34.196,92.946,1.0
12:44:34.265,93.015,-1.6
12:44:34.328,93.078,1.0
12:44:34.393,93.143,-1.31
12:44:34.457,93.207,1.0
12:44:34.524,93.274,-0.28
12:44:34.588,93.338,0.08
12:44:34.657,93.407,0.02
12:44:34.724,93.474,1.0
12:44:34.787,93.537,-0.57
12:44:34.855,93.605,-0.83
12:44:34.919,93.669,1.0
12:44:34.985,93.735,-1.26
12:44:35.045,93.795,1.0
12:44:35.109,93.859,-0.06
12:44:35.165,93.915,0.59
12:44:35.246,93.996,1.0
12:44:35.311,94.061,-0.75
12:44:35.373,94.123,-2.76
12:44:35.435,94.185,0.35
12:44:35.493,94.243,-0.05
12:44:35.560,94.310,1.0
12:44:35.627,94.377,-1.53
12:44:35.699,94.449,1.0
12:44:35.763,94.513,-2.59
12:44:35.836,94.586,0.08
12:44:35.901,94.652,-2.43
12:44:35.965,94.715,0.37
12:44:36.040,94.790,-1.42
12:44:36.108,94.858,1.0
12:44:36.179,94.929,-2.16
12:44:36.248,94.998,1.0
12:44:36.317,95.067,-3.0
12:44:36.388,95.138,1.0
12:44:36.450,95.200,1.0
12:44:36.515,95.265,0.03
12:44:36.574,95.324,-1.6
12:44:36.638,95.388,-0.9
12:44:36.694,95.444,-1.11
12:44:36.759,95.509,1.0
12:44:36.829,95.579,1.0
12:44:36.923,95.673,1.0
12:44:36.993,95.743,-3.0
12:44:37.057,95.807,1.0
12:44:37.133,95.883,-1.91
12:44:37.201,95.951,1.0
12:44:37.268,96.018,-1.16
12:44:37.337,96.087,1.0
12:44:37.404,96.154,0.74
12:44:37.481,96.231,1.0
12:44:37.556,96.306,0.17
12:44:37.622,96.372,-1.18
12:44:37.689,96.439,1.0
12:44:37.756,96.506,1.0
12:44:37.826,96.577,1.0
12:44:37.897,96.647,-0.93
12:44:37.969,96.719,-1.03
12:44:38.044,96.794,0.05
12:44:38.099,96.849,-1.46
12:44:38.170,96.920,-1.73
12:44:38.231,96.981,-0.48
12:44:38.299,97.049,0.55
12:44:38.365,97.115,0.22
12:44:38.431,97.181,-2.2
12:44:38.494,97.244,1.0
12:44:38.558,97.308,1.0
12:44:38.631,97.381,1.0
12:44:38.701,97.451,-0.36
12:44:38.770,97.520,1.0
12:44:38.840,97.590,-0.66
12:44:38.918,97.668,1.0
12:44:38.991,97.741,-0.01
12:44:39.055,97.805,-1.22
12:44:39.124,97.874,-0.68
12:44:39.184,97.934,0.96
12:44:39.254,98.004,1.0
12:44:39.320,98.070,1.0
12:44:39.390,98.140,-1.32
12:44:39.458,98.208,1.0
12:44:39.524,98.274,-2.62
12:44:39.587,98.337,-0.47
12:44:39.644,98.394,-2.14
12:44:39.711,98.461,1.0
12:44:39.783,98.533,-1.42
12:44:39.848,98.598,1.0
12:44:39.910,98.660,-1.96
12:44:39.976,98.726,-0.1
12:44:40.032,98.782,0.24
12:44:40.104,98.855,1.0
12:44:40.176,98.926,-1.56
12:44:40.241,98.991,-1.23
12:44:40.314,99.064,-1.99
12:44:40.380,99.130,1.0
12:44:40.452,99.202,0.47
12:44:40.524,99.274,0.55
12:44:40.588,99.338,1.0
12:44:40.696,99.446,-2.21
12:44:40.778,99.528,1.0
12:44:40.845,99.596,-0.58
12:44:40.918,99.668,-3.0
12:44:40.993,99.743,1.0
12:44:41.068,99.818,-0.42
12:44:41.144,99.894,-1.57
12:44:41.207,99.957,0.9
12:44:41.279,100.029,1.0
12:44:41.362,100.112,0.67
12:44:41.433,100.183,-1.1
12:44:41.516,100.266,1.0
12:44:41.596,100.347,0.33
12:44:41.670,100.420,-0.03
12:44:41.747,100.497,-1.89
12:44:41.815,100.565,0.25
12:44:41.885,100.635,-0.03
12:44:41.953,100.703,1.0
12:44:42.032,100.782,0.25
12:44:42.101,100.851,1.0
12:44:42.171,100.921,0.7
12:44:42.244,100.994,-0.02
12:44:42.311,101.062,-0.18
12:44:42.381,101.131,-0.47
12:44:42.454,101.204,-1.46
12:44:42.540,101.290,1.0
12:44:42.605,101.355,-1.6
12:44:42.676,101.426,-0.06
12:44:42.740,101.490,1.0
12:44:42.804,101.554,1.0
12:44:42.869,101.619,-3.0
12:44:42.946,101.696,-0.54
12:44:43.021,101.771,-1.41
12:44:43.100,101.850,1.0
12:44:43.174,101.924,-1.63
12:44:43.243,101.993,-0.09
12:44:43.302,102.052,-0.92
12:44:43.375,102.125,1.0
12:44:43.441,102.191,-0.36
12:44:43.508,102.258,1.0
12:44:43.575,102.325,1.0
12:44:43.640,102.390,1.0
12:44:43.716,102.466,0.92
12:44:43.780,102.530,-2.11
12:44:43.858,102.608,1.0
12:44:43.922,102.672,-1.0
12:44:43.984,102.734,-0.93
12:44:44.050,102.800,-1.88
12:44:44.113,102.863,-0.93
12:44:44.179,102.929,1.0
12:44:44.241,102.991,-2.12
12:44:44.316,103.066,-0.81
12:44:44.389,103.139,1.0
12:44:44.456,103.206,-0.34
12:44:44.519,103.269,1.0
12:44:44.586,103.336,-2.7
12:44:44.653,103.403,-0.19
12:44:44.714,103.464,-2.06
12:44:44.784,103.534,1.0
12:44:44.846,103.596,-2.25
12:44:44.917,103.667,-0.81
12:44:44.980,103.730,0.77
12:44:45.045,103.795,1.0
12:44:45.108,103.858,-1.03
12:44:45.173,103.923,-0.02
12:44:45.234,103.984,1.0
12:44:45.299,104.049,0.38
12:44:45.366,104.116,-3.0
12:44:45.430,104.180,1.0
12:44:45.496,104.246,0.13
12:44:45.559,104.309,1.0
12:44:45.629,104.379,-2.43
12:44:45.692,104.442,0.18
12:44:45.758,104.508,-0.85
12:44:45.824,104.574,1.0
12:44:45.891,104.641,-1.86
12:44:45.960,104.710,-1.3
12:44:46.022,104.772,-0.89
12:44:46.092,104.842,-1.39
12:44:46.157,104.907,-1.59
12:44:46.228,104.978,1.0
12:44:46.304,105.054,0.13
12:44:46.379,105.129,1.0
12:44:46.450,105.200,0.24
12:44:46.514,105.264,-0.21
12:44:46.596,105.346,-0.5
12:44:46.668,105.418,1.0
12:44:46.730,105.480,-1.14
12:44:46.797,105.547,1.0
12:44:46.859,105.609,-1.39
12:44:46.926,105.676,-0.06
12:44:46.994,105.744,-0.21
12:44:47.059,105.809,-2.35
12:44:47.124,105.874,1.0
12:44:47.191,105.941,1.0
12:44:47.252,106.002,1.0
12:44:47.315,106.065,-1.29
12:44:47.384,106.134,1.0
12:44:47.449,106.199,-1.45
12:44:47.517,106.267,1.0
12:44:47.582,106.332,0.27
12:44:47.651,106.401,0.17
12:44:47.719,106.469,0.28
12:44:47.785,106.535,-0.34
12:44:47.858,106.608,1.0
12:44:47.923,106.673,1.0
12:44:47.992,106.742,-0.87
12:44:48.053,106.803,-0.67
12:44:48.119,106.869,-2.46
12:44:48.191,106.941,-0.38
12:44:48.254,107.004,-2.64
12:44:48.323,107.073,1.0
12:44:48.386,107.136,1.0
12:44:48.459,107.209,1.0
12:44:48.524,107.274,-3.0
12:44:48.590,107.340,0.85
12:44:48.660,107.410,-0.5
12:44:48.720,107.470,1.0
12:44:48.787,107.537,-0.92
12:44:48.864,107.614,-0.15
12:44:48.942,107.692,-1.3
12:44:49.011,107.761,-2.2
12:44:49.076,107.826,-1.38
12:44:49.145,107.895,1.0
12:44:49.210,107.960,-1.32
12:44:49.281,108.031,1.0
12:44:49.349,108.099,0.63
12:44:49.420,108.170,1.0
12:44:49.492,108.242,-0.09
12:44:49.555,108.305,1.0
12:44:49.623,108.373,1.0
12:44:49.686,108.436,1.0
12:44:49.755,108.505,0.17
12:44:49.817,108.567,1.0
12:44:49.892,108.642,1.0
12:44:49.959,108.709,1.0
12:44:50.020,108.770,0.19
12:44:50.088,108.838,-0.76
12:44:50.147,108.897,-0.52
12:44:50.212,108.962,-3.0
12:44:50.274,109.024,0.2
12:44:50.349,109.100,-0.19
12:44:50.408,109.158,-1.86
12:44:50.475,109.225,-1.29
12:44:50.534,109.284,-0.75
12:44:50.599,109.349,-1.24
12:44:50.665,109.415,1.0
12:44:50.731,109.481,-2.77
12:44:50.795,109.545,1.0
12:44:50.866,109.616,-1.83
12:44:50.938,109.688,0.56
12:44:51.004,109.754,-2.52
12:44:51.075,109.825,1.0
12:44:51.164,109.914,-1.25
12:44:51.233,109.983,1.0
12:44:51.301,110.051,-2.45
12:44:51.379,110.129,1.0
12:44:51.445,110.195,0.1
12:44:51.520,110.270,1.0
12:44:51.582,110.332,-1.07
12:44:51.651,110.401,1.0
12:44:51.711,110.461,-1.88
12:44:51.777,110.527,-2.06
12:44:51.836,110.586,-1.62
12:44:51.900,110.650,1.0
12:44:51.961,110.711,1.0
12:44:52.025,110.775,1.0
12:44:52.086,110.836,0.61
12:44:52.160,110.910,1.0
12:44:52.229,110.979,-0.54
12:44:52.296,111.046,1.0
12:44:52.368,111.118,-3.0
12:44:52.433,111.183,0.76
12:44:52.501,111.251,-0.16
12:44:52.565,111.315,-0.58
12:44:52.629,111.379,0.55
12:44:52.696,111.446,-1.0
12:44:52.766,111.516,0.38
12:44:52.846,111.596,1.0
12:44:52.913,111.663,0.57
12:44:52.981,111.731,1.0
12:44:53.055,111.805,-0.39
12:44:53.117,111.867,1.0
12:44:53.183,111.933,1.0
12:44:53.246,111.996,-2.92
12:44:53.318,112.068,-1.27
12:44:53.401,112.151,-0.02
12:44:53.470,112.220,1.0
12:44:53.539,112.289,1.0
12:44:53.603,112.353,0.05
12:44:53.671,112.421,0.27
12:44:53.733,112.483,-0.61
12:44:53.798,112.548,-0.13
12:44:53.867,112.617,1.0
12:44:53.933,112.683,-0.99
12:44:54.004,112.754,1.0
12:44:54.071,112.821,-3.0
12:44:54.136,112.886,1.0
12:44:54.205,112.955,-0.51
12:44:54.275,113.025,1.0
12:44:54.344,113.094,-0.3
12:44:54.410,113.160,0.05
12:44:54.479,113.229,-1.1
12:44:54.542,113.292,-0.6
12:44:54.602,113.352,-1.81
12:44:54.675,113.425,0.9
12:44:54.745,113.495,-2.84
12:44:54.818,113.568,1.0
12:44:54.887,113.637,-3.0
12:44:54.964,113.714,1.0
12:44:55.037,113.787,0.19
12:44:55.117,113.867,1.0
12:44:55.194,113.944,-1.64
12:44:55.268,114.018,1.0
12:44:55.346,114.096,-1.81
12:44:55.427,114.177,0.32
12:44:55.506,114.256,-0.5
12:44:55.580,114.330,1.0
12:44:55.663,114.413,1.0
12:44:55.738,114.488,0.75
12:44:55.816,114.567,-0.37
12:44:55.893,114.643,0.54
12:44:55.971,114.721,-1.35
12:44:56.049,114.799,-1.33
12:44:56.128,114.878,0.41
12:44:56.198,114.948,-0.66
12:44:56.267,115.017,-1.25
12:44:56.332,115.082,0.27
12:44:56.397,115.147,-1.49
12:44:56.462,115.212,-0.65
12:44:56.524,115.274,1.0
12:44:56.596,115.346,0.15
12:44:56.658,115.408,1.0
12:44:56.732,115.482,-2.43
12:44:56.802,115.552,-0.44
12:44:56.871,115.621,-2.89
12:44:56.937,115.687,1.0
12:44:57.004,115.754,-2.48
12:44:57.079,115.829,1.0
12:44:57.143,115.893,-3.0
12:44:57.210,115.960,0.08
12:44:57.275,116.025,0.35
12:44:57.343,116.093,1.0
12:44:57.426,116.176,1.0
12:44:57.490,116.240,-1.35
12:44:57.562,116.312,-2.04
12:44:57.623,116.373,0.25
12:44:57.686,116.436,-1.2
12:44:57.750,116.500,0.36
12:44:57.813,116.563,-1.07
12:44:57.880,116.630,1.0
12:44:57.950,116.700,-0.86
12:44:58.020,116.770,1.0
12:44:58.083,116.833,0.05
12:44:58.150,116.900,1.0
12:44:58.211,116.961,0.48
12:44:58.282,117.032,-0.79
12:44:58.346,117.097,-1.45
12:44:58.411,117.161,0.56
12:44:58.479,117.229,1.0
12:44:58.545,117.296,-1.39
12:44:58.613,117.363,1.0
12:44:58.678,117.428,1.0
12:44:58.747,117.497,1.0
12:44:58.808,117.558,0.92
12:44:58.872,117.622,-0.04
12:44:58.938,117.688,-0.63
12:44:59.000,117.750,0.16
12:44:59.065,117.815,-0.29
12:44:59.130,117.880,-1.08
12:44:59.201,117.951,-1.57
12:44:59.265,118.015,1.0
12:44:59.329,118.079,-2.22
12:44:59.391,118.141,0.11
12:44:59.457,118.207,0.16
12:44:59.528,118.278,1.0
12:44:59.592,118.342,-2.25
12:44:59.656,118.406,1.0
12:44:59.723,118.473,1.0
12:44:59.793,118.543,1.0
12:44:59.855,118.605,-2.6
12:44:59.920,118.670,-0.74
12:44:59.980,118.730,0.8
12:45:00.053,118.803,-1.28
12:45:00.117,118.867,-1.51
12:45:00.188,118.938,-0.73
12:45:00.258,119.008,-1.35
12:45:00.323,119.073,-1.43
12:45:00.384,119.134,-2.78
12:45:00.445,119.195,1.0
12:45:00.509,119.259,-0.31
12:45:00.573,119.323,1.0
12:45:00.640,119.390,-3.0
12:45:00.703,119.453,-0.38
12:45:00.770,119.520,0.34
12:45:00.839,119.589,1.0
12:45:00.901,119.651,-2.33
12:45:00.971,119.721,0.33
12:45:01.038,119.788,-0.69
12:45:01.106,119.856,0.63
12:45:01.170,119.920,-1.02
12:45:01.239,119.989,1.0
12:45:01.306,120.056,1.0
12:45:01.379,120.129,1.0
12:45:01.450,120.200,-1.45
12:45:01.512,120.262,-1.06
12:45:01.583,120.333,-0.87
12:45:01.642,120.392,-0.08
12:45:01.708,120.458,-0.98
12:45:01.772,120.522,1.0
12:45:01.832,120.582,0.29
12:45:01.894,120.644,1.0
12:45:01.957,120.707,0.39
12:45:02.026,120.776,1.0
12:45:02.088,120.838,0.09
12:45:02.154,120.904,1.0
12:45:02.213,120.963,-0.31
12:45:02.275,121.025,-1.05
12:45:02.336,121.086,-0.53
12:45:02.410,121.160,-3.0
12:45:02.491,121.241,1.0
12:45:02.556,121.306,-1.47
12:45:02.628,121.378,-1.47
12:45:02.692,121.442,-0.91
12:45:02.757,121.507,1.0
12:45:02.821,121.571,-0.58
12:45:02.887,121.637,1.0
12:45:02.950,121.701,-2.46
12:45:03.016,121.766,-1.15
12:45:03.084,121.834,-2.67
12:45:03.146,121.896,-0.6
12:45:03.214,121.964,-2.49
12:45:03.277,122.027,1.0
12:45:03.343,122.093,-2.26
12:45:03.407,122.157,1.0
12:45:03.473,122.223,-1.92
12:45:03.545,122.295,1.0
12:45:03.609,122.359,-1.61
12:45:03.677,122.427,0.18
12:45:03.739,122.489,-1.05
12:45:03.809,122.559,0.31
12:45:03.871,122.621,-2.34
12:45:03.938,122.688,-1.11
12:45:04.000,122.750,-1.58
12:45:04.072,122.822,1.0
12:45:04.139,122.889,0.6
12:45:04.218,122.968,1.0
12:45:04.282,123.033,0.42
12:45:04.344,123.094,1.0
12:45:04.417,123.167,1.0
12:45:04.479,123.229,1.0
12:45:04.545,123.295,-1.86
12:45:04.613,123.363,-0.21
12:45:04.679,123.429,-1.58
12:45:04.755,123.506,0.29
12:45:04.826,123.576,-0.52
12:45:04.895,123.645,1.0
12:45:04.961,123.711,-0.45
12:45:05.027,123.777,1.0
12:45:05.089,123.839,-0.6
12:45:05.153,123.903,0.68
12:45:05.218,123.968,1.0
12:45:05.297,124.047,-1.88
12:45:05.362,124.112,-0.3
12:45:05.428,124.178,-0.41
12:45:05.492,124.242,1.0
12:45:05.557,124.307,0.46
12:45:05.617,124.367,1.0
12:45:05.684,124.434,-0.51
12:45:05.750,124.500,1.0
12:45:05.815,124.565,-2.67
12:45:05.877,124.627,1.0
12:45:05.944,124.694,-0.82
12:45:06.005,124.755,1.0
12:45:06.070,124.820,-3.0
12:45:06.131,124.881,1.0
12:45:06.199,124.949,-2.01
12:45:06.267,125.017,1.0
12:45:06.332,125.082,0.7
12:45:06.401,125.152,0.95
12:45:06.466,125.216,-2.04
12:45:06.534,125.284,1.0
12:45:06.598,125.348,-2.13
12:45:06.667,125.417,-1.28
12:45:06.737,125.487,1.0
12:45:06.798,125.548,1.0
12:45:06.865,125.615,-3.0
12:45:06.932,125.682,1.0
12:45:07.012,125.762,-0.21
12:45:07.088,125.838,-0.07
12:45:07.155,125.905,-0.48
12:45:07.223,125.973,0.06
12:45:07.286,126.036,0.06
12:45:07.351,126.101,0.05
12:45:07.413,126.163,0.06
12:45:07.480,126.230,0.05
12:45:07.548,126.298,0.06
12:45:07.620,126.370,0.06
12:45:07.688,126.438,0.06
12:45:07.752,126.502,0.06
12:45:07.824,126.574,0.06
12:45:07.885,126.635,0.06
12:45:07.954,126.704,0.07
12:45:08.017,126.767,0.06
12:45:08.089,126.839,0.06
12:45:08.152,126.902,0.06
12:45:08.215,126.965,0.05
12:45:08.281,127.031,0.05
12:45:08.347,127.097,0.07
12:45:08.422,127.172,0.07
12:45:08.482,127.232,0.06
12:45:08.550,127.300,0.06
12:45:08.621,127.371,0.06
12:45:08.691,127.441,0.06
12:45:08.758,127.508,0.06
12:45:08.822,127.572,0.05
12:45:08.890,127.640,0.06
12:45:08.951,127.701,0.07
12:45:09.016,127.766,0.07
12:45:09.087,127.837,0.07
12:45:09.157,127.907,0.06
12:45:09.226,127.976,0.05
12:45:09.293,128.043,0.06
12:45:09.368,128.118,0.06
12:45:09.432,128.182,0.06
12:45:09.504,128.254,0.06
12:45:09.567,128.317,0.06
12:45:09.637,128.387,0.07
12:45:09.717,128.467,0.06
12:45:09.778,128.528,0.06
12:45:09.844,128.594,0.06
12:45:09.904,128.654,0.06
12:45:09.972,128.722,0.06
12:45:10.030,128.780,0.07
12:45:10.091,128.841,0.06
12:45:10.157,128.907,0.06
12:45:10.226,128.976,0.07
12:45:10.295,129.045,0.06
12:45:10.361,129.111,0.06
12:45:10.433,129.183,0.06
12:45:10.501,129.251,0.06
12:45:10.576,129.326,0.06
12:45:10.651,129.401,0.07
12:45:10.718,129.468,0.05
12:45:10.790,129.540,0.06
12:45:10.865,129.615,0.06
12:45:10.941,129.691,0.06
12:45:11.009,129.759,0.06
12:45:11.070,129.820,0.06
12:45:11.142,129.892,0.06
12:45:11.205,129.955,0.05
12:45:11.276,130.026,0.06
12:45:11.340,130.090,0.05
12:45:11.406,130.157,0.06
12:45:11.474,130.224,0.06
12:45:11.538,130.288,0.06
12:45:11.613,130.363,0.06
12:45:11.676,130.426,0.06
12:45:11.744,130.494,0.06
12:45:11.811,130.561,0.06
12:45:11.878,130.628,0.06
12:45:11.940,130.690,0.06
12:45:12.011,130.761,0.06
12:45:12.077,130.827,0.05
12:45:12.141,130.891,0.05
12:45:12.214,130.964,0.06
12:45:12.279,131.029,0.05
12:45:12.344,131.094,0.05
12:45:12.406,131.156,0.06
12:45:12.465,131.215,0.06
12:45:12.530,131.280,0.07
12:45:12.593,131.343,0.05
12:45:12.658,131.408,0.07
12:45:12.718,131.468,0.07
12:45:12.789,131.539,0.06
12:45:12.871,131.621,0.05
12:45:12.939,131.689,0.06
12:45:13.004,131.754,0.05
12:45:13.066,131.816,0.05
12:45:13.138,131.888,0.05
12:45:13.202,131.952,0.06
12:45:13.271,132.021,0.06
12:45:13.334,132.084,0.06
12:45:13.397,132.147,0.06
12:45:13.455,132.205,0.06
12:45:13.520,132.270,0.07
12:45:13.582,132.332,0.06
12:45:13.647,132.397,0.06
12:45:13.714,132.464,0.05
12:45:13.774,132.524,0.06
12:45:13.848,132.598,0.06
12:45:13.917,132.667,0.06
12:45:13.984,132.734,0.07
12:45:14.045,132.795,0.06
12:45:14.107,132.857,0.06
12:45:14.165,132.915,0.06
12:45:14.227,132.977,0.06
12:45:14.285,133.035,0.06
12:45:14.348,133.098,0.06
12:45:14.411,133.161,0.06
12:45:14.468,133.218,0.06
12:45:14.532,133.282,0.06
12:45:14.593,133.343,0.06
12:45:14.660,133.410,0.05
12:45:14.723,133.473,0.05
12:45:14.789,133.539,0.05
12:45:14.851,133.601,0.06
12:45:14.916,133.666,0.07
12:45:14.977,133.728,0.06
12:45:15.043,133.793,0.06
12:45:15.102,133.852,0.05
12:45:15.167,133.917,0.06
12:45:15.225,133.975,0.06
12:45:15.292,134.042,0.05
12:45:15.353,134.104,0.05
12:45:15.414,134.164,0.06
12:45:15.475,134.225,0.07
12:45:15.536,134.286,0.07
12:45:15.598,134.348,0.06
12:45:15.662,134.412,0.06
12:45:15.730,134.480,0.06
12:45:15.791,134.541,0.07
12:45:15.853,134.603,0.05
12:45:15.913,134.663,0.06
12:45:15.977,134.727,0.06
12:45:16.041,134.791,0.07
12:45:16.117,134.867,0.05
12:45:16.184,134.934,0.06
12:45:16.246,134.996,0.05
12:45:16.306,135.056,0.06
12:45:16.365,135.115,0.06
12:45:16.433,135.183,0.06
12:45:16.491,135.241,0.06
12:45:16.556,135.306,0.06
12:45:16.616,135.366,0.06
12:45:16.685,135.435,0.06
12:45:16.748,135.498,0.06
12:45:16.811,135.561,0.06
12:45:16.875,135.625,0.06
12:45:16.941,135.691,0.06
12:45:17.006,135.756,0.06
12:45:17.066,135.816,0.06
12:45:17.124,135.874,0.06
12:45:17.179,135.929,0.06
12:45:17.239,135.989,0.05
12:45:17.299,136.049,0.06
12:45:17.359,136.110,0.05
12:45:17.442,136.192,0.07
12:45:17.502,136.252,0.06
12:45:17.562,136.312,0.06
12:45:17.622,136.372,0.06
12:45:17.681,136.431,0.07
12:45:17.743,136.493,0.06
12:45:17.804,136.554,0.05
12:45:17.870,136.620,0.06
12:45:17.929,136.679,0.06
12:45:17.994,136.744,0.06
12:45:18.052,136.802,0.07
12:45:18.118,136.868,0.06
12:45:18.182,136.932,0.06
12:45:18.245,136.995,0.06
12:45:18.309,137.059,0.06
12:45:18.373,137.123,0.06
12:45:18.448,137.198,0.06
12:45:18.512,137.262,0.06
12:45:18.568,137.318,0.05
12:45:18.622,137.372,0.06
12:45:18.685,137.435,0.06
12:45:18.739,137.489,0.07
12:45:18.798,137.548,0.07
12:45:18.851,137.601,0.06
12:45:18.911,137.661,0.06
12:45:18.964,137.714,0.06
12:45:19.022,137.772,0.06
12:45:19.087,137.837,0.05
12:45:19.156,137.906,0.05
12:45:19.212,137.962,0.06
12:45:19.272,138.022,0.07
12:45:19.334,138.084,0.05
12:45:19.401,138.151,0.07
12:45:19.459,138.209,0.06
12:45:19.528,138.278,0.07
12:45:19.586,138.336,0.07
12:45:19.650,138.400,0.06
12:45:19.714,138.464,0.06
12:45:19.779,138.529,0.06
12:45:19.836,138.586,0.06
12:45:19.895,138.645,0.06
12:45:19.947,138.697,0.06
12:45:20.009,138.759,0.06
12:45:20.065,138.815,0.06
12:45:20.125,138.875,0.07
12:45:20.180,138.930,0.06
12:45:20.238,138.989,0.05
12:45:20.295,139.045,0.06
12:45:20.356,139.106,0.05
12:45:20.413,139.163,0.06
12:45:20.471,139.221,0.06
12:45:20.528,139.278,0.06
12:45:20.606,139.356,0.06
12:45:20.689,139.439,0.05
12:45:20.756,139.506,0.06
12:45:20.819,139.569,0.06
12:45:20.883,139.633,0.06
12:45:20.951,139.701,0.06
12:45:21.017,139.767,0.06
12:45:21.083,139.833,0.06
12:45:21.156,139.906,0.06
12:45:21.224,139.974,0.06
12:45:21.295,140.045,0.06
12:45:21.359,140.109,0.06
12:45:21.431,140.181,0.06
12:45:21.495,140.245,0.07
12:45:21.557,140.307,0.05
12:45:21.617,140.367,0.06
12:45:21.675,140.425,0.06
12:45:21.734,140.484,0.06
12:45:21.793,140.543,0.06
12:45:21.850,140.600,0.06
12:45:21.906,140.656,0.06
12:45:21.964,140.714,0.05
12:45:22.023,140.773,0.06
12:45:22.086,140.836,0.06
12:45:22.156,140.906,0.06
12:45:22.228,140.978,0.06
12:45:22.290,141.040,0.06
12:45:22.358,141.108,0.06
12:45:22.424,141.174,0.06
12:45:22.495,141.245,0.06
12:45:22.558,141.308,0.07
12:45:22.622,141.372,0.06
12:45:22.700,141.450,0.06
12:45:22.765,141.515,0.06
12:45:22.832,141.582,0.05
12:45:22.899,141.649,0.06
12:45:22.984,141.734,0.06
12:45:23.049,141.799,0.06
12:45:23.103,141.853,0.06
12:45:23.163,141.913,0.06
12:45:23.222,141.972,0.06
12:45:23.283,142.033,0.06
12:45:23.339,142.089,0.06
12:45:23.393,142.143,0.06
12:45:23.446,142.196,0.05
12:45:23.504,142.254,0.04
12:45:23.562,142.312,0.06
12:45:23.624,142.374,0.07
12:45:23.690,142.440,0.06
12:45:23.760,142.510,0.06
12:45:23.817,142.567,0.06
12:45:23.876,142.626,0.06
12:45:23.934,142.684,0.06
12:45:23.998,142.748,0.06
12:45:24.055,142.805,0.06
12:45:24.113,142.863,0.07
12:45:24.169,142.919,0.05
12:45:24.228,142.978,0.05
12:45:24.284,143.034,0.06
12:45:24.351,143.101,0.05
12:45:24.406,143.156,0.06
12:45:24.467,143.217,0.06
12:45:24.522,143.272,0.06
12:45:24.579,143.329,0.06
12:45:24.631,143.381,0.06
12:45:24.682,143.432,0.05
12:45:24.735,143.485,0.06
12:45:24.787,143.537,0.06
12:45:24.842,143.592,0.07
12:45:24.896,143.646,0.06
12:45:24.951,143.701,0.04
12:45:25.004,143.754,0.08
12:45:25.072,143.822,0.06
12:45:25.131,143.881,0.06
12:45:25.204,143.954,0.06
12:45:25.272,144.022,0.05
12:45:25.338,144.088,0.06
12:45:25.404,144.154,0.06
12:45:25.464,144.214,0.05
12:45:25.532,144.282,0.07
12:45:25.593,144.343,0.06
12:45:25.659,144.409,0.06
12:45:25.716,144.466,0.06
12:45:25.783,144.533,0.05
12:45:25.842,144.592,0.06
12:45:25.907,144.657,0.05
12:45:25.970,144.720,0.07
12:45:26.036,144.786,0.06
12:45:26.092,144.842,0.05
12:45:26.150,144.900,0.06
12:45:26.211,144.961,0.06
12:45:26.275,145.025,0.06
12:45:26.332,145.082,0.05
12:45:26.403,145.153,0.06
12:45:26.466,145.216,0.06
12:45:26.528,145.278,0.05
12:45:26.593,145.343,0.06
12:45:26.652,145.402,0.07
12:45:26.715,145.465,0.05
12:45:26.776,145.526,0.07
12:45:26.843,145.593,0.07
12:45:26.899,145.649,0.06
12:45:26.961,145.711,0.06
12:45:27.021,145.771,0.06
12:45:27.088,145.838,0.05
12:45:27.146,145.896,0.05
12:45:27.211,145.961,0.06
12:45:27.269,146.019,0.07
12:45:27.331,146.081,0.06
12:45:27.388,146.138,0.06
12:45:27.453,146.203,0.06
12:45:27.525,146.275,0.06
12:45:27.592,146.342,0.06
12:45:27.662,146.412,0.05
12:45:27.721,146.471,0.05
12:45:27.781,146.531,0.06
12:45:27.842,146.592,0.06
12:45:27.903,146.653,0.06
12:45:27.961,146.711,0.06
12:45:28.023,146.773,0.05
12:45:28.092,146.842,0.05
12:45:28.161,146.911,0.05
12:45:28.221,146.971,0.06
12:45:28.288,147.038,0.05
12:45:28.349,147.099,0.05
12:45:28.409,147.159,0.05
12:45:28.473,147.223,0.06
12:45:28.533,147.283,0.06
12:45:28.600,147.350,0.06
12:45:28.665,147.415,0.06
12:45:28.734,147.484,0.06
12:45:28.799,147.549,0.05
12:45:28.864,147.614,0.06
12:45:28.927,147.677,0.06
12:45:28.992,147.742,0.07
12:45:29.059,147.809,0.05
12:45:29.122,147.872,0.06
12:45:29.192,147.942,0.06
12:45:29.254,148.004,0.06
12:45:29.323,148.073,0.06
12:45:29.384,148.134,0.06
12:45:29.450,148.200,0.05
12:45:29.515,148.265,0.06
12:45:29.584,148.334,0.05
12:45:29.649,148.399,0.05
12:45:29.718,148.469,0.06
12:45:29.801,148.551,0.05
12:45:29.866,148.616,0.05
12:45:29.931,148.681,0.06
12:45:29.991,148.741,0.06
12:45:30.056,148.806,0.06
12:45:30.116,148.866,0.06
12:45:30.182,148.932,0.06
12:45:30.255,149.005,0.05
12:45:30.315,149.065,0.06
12:45:30.383,149.133,0.06
12:45:30.445,149.195,0.06
12:45:30.515,149.265,0.06
12:45:30.571,149.321,0.05
12:45:30.635,149.385,0.06
12:45:30.697,149.447,0.07
12:45:30.780,149.530,0.06
12:45:30.836,149.586,0.07
12:45:30.896,149.646,0.06
12:45:30.959,149.709,0.05
12:45:31.020,149.770,0.06
12:45:31.091,149.841,0.05
12:45:31.153,149.903,0.05
12:45:31.221,149.971,0.06
12:45:31.280,150.030,0.06
12:45:31.355,150.105,0.05
12:45:31.418,150.168,0.06
12:45:31.483,150.233,0.07
12:45:31.550,150.300,0.06
12:45:31.611,150.361,0.06
12:45:31.682,150.432,0.06
12:45:31.744,150.494,0.05
12:45:31.815,150.565,0.06
12:45:31.879,150.629,0.06
12:45:31.943,150.693,0.06
12:45:32.011,150.761,0.06
12:45:32.077,150.827,0.07
12:45:32.140,150.890,0.06
12:45:32.196,150.946,0.06
12:45:32.266,151.016,0.06
12:45:32.327,151.077,0.06
12:45:32.396,151.146,0.05
12:45:32.455,151.205,0.06
12:45:32.517,151.267,0.06
12:45:32.578,151.328,0.07
12:45:32.642,151.392,0.06
12:45:32.698,151.448,0.06
12:45:32.762,151.512,0.07
12:45:32.822,151.572,0.05
12:45:32.886,151.636,0.06
12:45:32.945,151.695,0.06
12:45:33.015,151.765,0.06
12:45:33.081,151.831,0.06
12:45:33.142,151.892,0.06
12:45:33.204,151.954,0.06
12:45:33.261,152.011,0.06
12:45:33.324,152.074,0.07
12:45:33.382,152.132,0.06
12:45:33.444,152.194,0.06
12:45:33.504,152.254,0.06
12:45:33.569,152.319,0.06
12:45:33.634,152.384,0.06
12:45:33.701,152.451,0.06
12:45:33.763,152.513,0.06
12:45:33.835,152.585,0.06
12:45:33.896,152.646,0.06
12:45:33.959,152.709,0.06
12:45:34.026,152.776,0.06
12:45:34.091,152.841,0.06
12:45:34.157,152.907,0.07
12:45:34.218,152.969,0.06
12:45:34.295,153.045,0.06
12:45:34.361,153.111,0.06
12:45:34.425,153.175,0.05
12:45:34.482,153.232,0.04
12:45:34.541,153.291,0.06
12:45:34.601,153.351,0.06
12:45:34.664,153.414,0.06
12:45:34.730,153.480,0.06
12:45:34.793,153.543,0.06
12:45:34.857,153.607,0.06
12:45:34.918,153.668,0.05
12:45:34.979,153.729,0.05
12:45:35.040,153.790,0.05
12:45:35.114,153.864,0.06
12:45:35.176,153.926,0.06
12:45:35.250,154.000,0.06
12:45:35.320,154.070,0.06
12:45:35.385,154.135,0.05
12:45:35.453,154.203,0.05
12:45:35.513,154.263,0.07
12:45:35.585,154.335,0.06
12:45:35.649,154.399,0.06
12:45:35.719,154.469,0.06
12:45:35.787,154.537,0.06
12:45:35.856,154.606,0.06
12:45:35.922,154.672,0.05
12:45:35.982,154.732,0.06
12:45:36.055,154.805,0.06
12:45:36.121,154.871,0.06
12:45:36.193,154.943,0.06
12:45:36.257,155.007,0.07
12:45:36.322,155.072,0.06
12:45:36.388,155.139,0.05
12:45:36.461,155.211,0.06
12:45:36.535,155.285,0.06
12:45:36.604,155.354,0.07
12:45:36.675,155.425,0.06
12:45:36.744,155.494,0.06
12:45:36.804,155.554,0.07
12:45:36.869,155.619,0.06
12:45:36.932,155.682,0.07
12:45:36.997,155.747,0.06
12:45:37.061,155.811,0.07
12:45:37.129,155.879,0.05
12:45:37.189,155.939,0.06
12:45:37.259,156.009,0.05
12:45:37.321,156.071,0.06
12:45:37.392,156.142,0.07
12:45:37.472,156.222,0.06
12:45:37.534,156.284,0.05
12:45:37.605,156.355,0.07
12:45:37.665,156.415,0.06
12:45:37.737,156.487,0.07
12:45:37.805,156.555,0.06
12:45:37.881,156.631,0.06
12:45:37.951,156.701,0.07
12:45:38.009,156.759,0.05
12:45:38.073,156.823,0.07
12:45:38.133,156.883,0.05
12:45:38.201,156.951,0.07
12:45:38.266,157.016,0.06
12:45:38.331,157.081,0.04
12:45:38.387,157.137,0.06
12:45:38.442,157.192,0.06
12:45:38.497,157.247,0.06
12:45:38.564,157.314,0.06
12:45:38.628,157.378,0.06
12:45:38.691,157.441,0.06
12:45:38.752,157.502,0.06
12:45:38.823,157.573,0.06
12:45:38.893,157.643,0.06
12:45:38.955,157.705,0.06
12:45:39.017,157.767,0.06
12:45:39.079,157.829,0.05
12:45:39.147,157.897,0.06
12:45:39.208,157.958,0.06
12:45:39.276,158.026,0.05
12:45:39.343,158.093,0.06
12:45:39.403,158.153,0.07
12:45:39.461,158.211,0.06
12:45:39.522,158.272,0.06
12:45:39.587,158.337,0.06
12:45:39.646,158.396,0.05
12:45:39.708,158.458,0.06
12:45:39.767,158.517,0.06
12:45:39.827,158.577,0.06
12:45:39.888,158.638,0.06
12:45:39.949,158.699,0.06
12:45:40.006,158.756,0.06
12:45:40.070,158.820,0.05
12:45:40.130,158.880,0.06
12:45:40.190,158.940,0.06
12:45:40.250,159.000,0.06
12:45:40.311,159.061,0.06
12:45:40.365,159.115,0.06
12:45:40.431,159.181,0.06
12:45:40.489,159.239,0.06
12:45:40.549,159.299,0.06
12:45:40.605,159.355,0.06
12:45:40.664,159.414,0.06
12:45:40.723,159.473,0.05
12:45:40.784,159.534,0.06
12:45:40.840,159.590,0.05
12:45:40.903,159.653,0.06
12:45:40.963,159.713,0.06
12:45:41.020,159.770,0.06
12:45:41.076,159.826,0.06
12:45:41.147,159.897,0.05
12:45:41.205,159.955,0.07
12:45:41.268,160.018,0.05
12:45:41.330,160.080,0.06
12:45:41.385,160.135,0.06
12:45:41.444,160.194,0.06
12:45:41.501,160.251,0.05
12:45:41.566,160.316,0.06
12:45:41.635,160.385,0.05
12:45:41.702,160.452,0.06
12:45:41.764,160.514,0.05
12:45:41.832,160.582,0.06
12:45:41.898,160.648,0.06
12:45:41.969,160.719,0.06
12:45:42.030,160.780,0.06
12:45:42.094,160.844,0.06
12:45:42.155,160.905,0.06
12:45:42.227,160.977,0.06
12:45:42.290,161.040,0.06
12:45:42.350,161.100,0.05
12:45:42.417,161.167,0.06
12:45:42.477,161.227,0.06
12:45:42.539,161.289,0.05
12:45:42.593,161.343,0.06
12:45:42.658,161.408,0.06
12:45:42.719,161.469,0.07
12:45:42.776,161.526,0.06
12:45:42.828,161.578,0.06
12:45:42.881,161.631,0.07
12:45:42.933,161.683,0.06
12:45:42.994,161.744,0.06
12:45:43.048,161.798,0.06
12:45:43.109,161.859,0.06
12:45:43.172,161.922,0.06
12:45:43.236,161.986,0.06
12:45:43.295,162.045,0.06
12:45:43.363,162.113,0.07
12:45:43.429,162.179,0.06
12:45:43.487,162.237,0.05
12:45:43.546,162.296,0.06
12:45:43.616,162.366,0.06
12:45:43.676,162.426,0.05
12:45:43.741,162.491,0.06
12:45:43.802,162.552,0.06
12:45:43.875,162.625,0.06
12:45:43.934,162.684,0.05
12:45:43.994,162.744,0.06
12:45:44.047,162.797,0.06
12:45:44.102,162.852,0.06
12:45:44.165,162.915,0.06
12:45:44.219,162.969,0.07
12:45:44.273,163.023,0.05
12:45:44.327,163.077,0.06
12:45:44.380,163.130,0.05
12:45:44.432,163.182,0.07
12:45:44.485,163.235,0.06
12:45:44.541,163.291,0.07
12:45:44.604,163.354,0.06
12:45:44.667,163.417,0.07
12:45:44.730,163.481,0.07
12:45:44.790,163.540,0.07
12:45:44.853,163.603,0.06
12:45:44.919,163.669,0.06
12:45:44.979,163.729,0.06
12:45:45.046,163.796,0.06
12:45:45.102,163.852,0.06
12:45:45.163,163.913,0.05
12:45:45.227,163.977,0.06
12:45:45.288,164.038,0.06
12:45:45.345,164.095,0.07
12:45:45.408,164.158,0.06
12:45:45.471,164.221,0.06
12:45:45.533,164.283,0.06
12:45:45.593,164.343,0.06
12:45:45.662,164.412,0.06
12:45:45.725,164.475,0.05
12:45:45.782,164.532,0.07
12:45:45.838,164.588,0.06
12:45:45.896,164.646,0.06
12:45:45.949,164.699,0.06
12:45:46.007,164.757,0.06
12:45:46.071,164.821,0.06
12:45:46.133,164.883,0.06
12:45:46.211,164.961,0.06
12:45:46.271,165.021,0.06
12:45:46.332,165.082,0.06
12:45:46.387,165.137,0.06
12:45:46.453,165.203,0.05
12:45:46.512,165.262,0.06
12:45:46.574,165.324,0.06
12:45:46.633,165.383,0.06
12:45:46.696,165.446,0.05
12:45:46.757,165.507,0.06
12:45:46.818,165.568,0.05
12:45:46.872,165.622,0.05
12:45:46.934,165.684,0.04
12:45:46.990,165.740,0.06
12:45:47.048,165.798,0.06
12:45:47.104,165.854,0.07
12:45:47.164,165.914,0.05
12:45:47.219,165.969,0.06
12:45:47.278,166.028,0.06
12:45:47.330,166.080,0.06
12:45:47.395,166.145,0.06
12:45:47.448,166.198,0.05
12:45:47.510,166.260,0.07
12:45:47.568,166.318,0.06
12:45:47.635,166.385,0.05
12:45:47.692,166.442,0.06
12:45:47.755,166.505,0.06
12:45:47.812,166.562,0.06
12:45:47.881,166.631,0.06
12:45:47.957,166.707,0.06
12:45:48.024,166.774,0.07
12:45:48.082,166.832,0.05
12:45:48.140,166.890,0.06
12:45:48.200,166.950,0.06
12:45:48.255,167.005,0.05
12:45:48.314,167.064,0.05
12:45:48.370,167.120,0.05
12:45:48.437,167.187,0.06
12:45:48.497,167.247,0.06
12:45:48.550,167.301,0.06
12:45:48.604,167.354,0.06
12:45:48.656,167.406,0.07
12:45:48.711,167.461,0.06
12:45:48.764,167.514,0.06
12:45:48.821,167.571,0.06
12:45:48.877,167.627,0.07
12:45:48.941,167.691,0.07
12:45:48.998,167.748,0.06
12:45:49.058,167.808,0.06
12:45:49.118,167.868,0.06
12:45:49.182,167.932,0.06
12:45:49.239,167.989,0.06
12:45:49.301,168.051,0.06
12:45:49.362,168.112,0.05
12:45:49.428,168.178,0.06
12:45:49.492,168.242,0.06
12:45:49.555,168.305,0.06
12:45:49.616,168.366,0.06
12:45:49.677,168.427,0.06
12:45:49.746,168.496,0.06
12:45:49.808,168.558,0.06
12:45:49.876,168.626,0.06
12:45:49.933,168.683,0.05
12:45:50.000,168.750,0.06
12:45:50.052,168.802,0.05
12:45:50.108,168.858,0.06
12:45:50.161,168.911,0.06
12:45:50.223,168.973,0.06
12:45:50.283,169.033,0.06
12:45:50.344,169.094,0.06
12:45:50.411,169.161,0.06
12:45:50.465,169.215,0.06
12:45:50.517,169.267,0.06
12:45:50.576,169.326,0.06
12:45:50.632,169.382,0.06
12:45:50.693,169.443,0.06
12:45:50.756,169.506,0.06
12:45:50.823,169.573,0.06
12:45:50.883,169.633,0.06
12:45:50.941,169.691,0.06
12:45:51.003,169.753,0.07
12:45:51.068,169.818,0.05
12:45:51.129,169.879,0.06
12:45:51.193,169.943,0.07
12:45:51.256,170.006,0.06
12:45:51.320,170.070,0.06
12:45:51.378,170.128,0.06
12:45:51.439,170.189,0.11
12:45:51.503,170.253,0.06
12:45:51.561,170.311,0.07
12:45:51.622,170.372,0.06
12:45:51.676,170.426,0.06
12:45:51.731,170.481,0.06
12:45:51.787,170.537,0.05
12:45:51.840,170.590,0.06
12:45:51.901,170.651,0.05
12:45:51.953,170.703,0.05
12:45:52.007,170.757,0.07
12:45:52.064,170.814,0.08
12:45:52.133,170.883,0.07
12:45:52.190,170.940,0.06
12:45:52.249,170.999,0.05
12:45:52.308,171.058,0.04
12:45:52.378,171.128,0.05
12:45:52.438,171.188,0.06
12:45:52.503,171.253,0.06
12:45:52.567,171.317,0.05
12:45:52.623,171.373,0.07
12:45:52.683,171.433,0.06
12:45:52.741,171.491,0.06
12:45:52.800,171.550,0.05
12:45:52.856,171.606,0.07
12:45:52.920,171.670,0.05
12:45:52.980,171.730,0.06
12:45:53.042,171.792,0.06
12:45:53.097,171.847,0.07
12:45:53.153,171.903,0.06
12:45:53.214,171.964,0.06
12:45:53.266,172.016,0.06
12:45:53.323,172.073,0.06
12:45:53.376,172.126,0.06
12:45:53.433,172.183,0.06
12:45:53.486,172.236,0.06
12:45:53.548,172.298,0.07
12:45:53.614,172.364,0.07
12:45:53.683,172.433,0.05
12:45:53.813,172.563,0.06
12:45:53.880,172.631,0.05
12:45:53.941,172.691,0.07
12:45:54.006,172.756,0.07
12:45:54.063,172.813,0.06
12:45:54.142,172.892,0.05
12:45:54.200,172.950,0.06
12:45:54.265,173.015,0.07
12:45:54.322,173.072,0.05
12:45:54.384,173.134,0.05
12:45:54.442,173.192,0.06
12:45:54.505,173.255,0.06
12:45:54.563,173.313,0.06
12:45:54.620,173.370,0.06
12:45:54.673,173.423,0.05
12:45:54.741,173.491,0.06
12:45:54.802,173.552,0.06
12:45:54.921,173.671,0.06
12:45:54.977,173.727,0.05
12:45:55.033,173.783,0.07
12:45:55.098,173.848,0.07
12:45:55.156,173.906,0.06
12:45:55.214,173.964,0.05
12:45:55.271,174.021,0.06
12:45:55.336,174.086,0.07
12:45:55.394,174.144,0.05
12:45:55.456,174.206,0.05
12:45:55.517,174.267,0.06
12:45:55.581,174.331,0.06
12:45:55.646,174.396,0.06
12:45:55.706,174.456,0.06
12:45:55.770,174.520,0.05
12:45:55.830,174.580,0.06
12:45:55.903,174.653,0.06
12:45:55.959,174.709,0.06
12:45:56.018,174.768,0.06
12:45:56.072,174.822,0.06
12:45:56.133,174.883,0.06
12:45:56.186,174.936,0.06
12:45:56.243,174.993,0.06
12:45:56.295,175.045,0.05
12:45:56.346,175.096,0.05
12:45:56.400,175.150,0.06
12:45:56.464,175.214,0.06
12:45:56.517,175.267,0.05
12:45:56.582,175.332,0.06
12:45:56.642,175.392,0.06
12:45:56.704,175.454,0.05
12:45:56.764,175.514,0.06
12:45:56.826,175.576,0.06
12:45:56.882,175.632,0.06
12:45:56.941,175.691,0.06
12:45:57.008,175.758,0.06
12:45:57.079,175.829,0.06
12:45:57.137,175.887,0.05
12:45:57.203,175.953,0.07
12:45:57.264,176.014,0.06
12:45:57.329,176.079,0.06
12:45:57.384,176.134,0.07
12:45:57.444,176.194,0.06
12:45:57.509,176.259,0.05
12:45:57.571,176.321,0.06
12:45:57.628,176.378,0.06
12:45:57.697,176.447,0.06
12:45:57.753,176.503,0.07
12:45:57.810,176.560,0.06
12:45:57.867,176.617,0.06
12:45:57.932,176.682,0.06
12:45:57.998,176.748,0.07
12:45:58.053,176.803,0.06
12:45:58.118,176.868,0.04
12:45:58.174,176.924,0.05
12:45:58.230,176.980,0.06
12:45:58.288,177.038,0.07
12:45:58.348,177.098,0.07
12:45:58.409,177.159,0.05
12:45:58.470,177.220,0.06
12:45:58.530,177.280,0.07
12:45:58.593,177.343,0.05
12:45:58.650,177.400,0.04
12:45:58.715,177.465,0.07
12:45:58.777,177.527,0.05
12:45:58.843,177.593,0.06
12:45:58.903,177.653,0.07
12:45:58.968,177.718,0.07
12:45:59.035,177.785,0.06
12:45:59.097,177.847,0.05
12:45:59.152,177.902,0.05
12:45:59.216,177.966,0.05
12:45:59.285,178.035,0.06
12:45:59.350,178.100,0.05
12:45:59.415,178.165,0.07
12:45:59.479,178.229,0.06
12:45:59.546,178.296,0.06
12:45:59.603,178.353,0.05
12:45:59.674,178.425,0.06
12:45:59.735,178.485,0.07
12:45:59.801,178.551,0.06
12:45:59.862,178.612,0.06
12:45:59.926,178.676,0.06
12:45:59.991,178.741,0.05
12:46:00.063,178.813,0.06
12:46:00.124,178.874,0.06
12:46:00.187,178.937,0.05
12:46:00.251,179.001,0.06
12:46:00.317,179.067,0.06
12:46:00.381,179.131,0.06
12:46:00.440,179.190,0.06
12:46:00.509,179.259,0.06
12:46:00.575,179.325,0.06
12:46:00.647,179.397,0.05
12:46:00.704,179.454,0.06
12:46:00.762,179.512,0.06
12:46:00.821,179.571,0.05
12:46:00.884,179.634,0.06
12:46:00.947,179.697,0.05
12:46:01.010,179.760,0.06
12:46:01.078,179.828,0.06
12:46:01.140,179.890,0.06
12:46:01.203,179.953,0.05
12:46:01.261,180.011,0.06
12:46:01.324,180.074,0.05
12:46:01.383,180.133,0.06
12:46:01.448,180.198,0.05
12:46:01.521,180.271,0.06
12:46:01.599,180.349,0.06
12:46:01.664,180.414,0.06
12:46:01.726,180.476,0.06
12:46:01.792,180.542,0.05
12:46:01.852,180.602,0.06
12:46:01.921,180.671,0.06
12:46:01.987,180.737,0.06
12:46:02.057,180.807,0.06
12:46:02.114,180.864,0.05
12:46:02.177,180.927,0.05
12:46:02.238,180.988,0.06
12:46:02.303,181.053,0.05
12:46:02.366,181.116,0.07
12:46:02.435,181.185,0.07
12:46:02.492,181.242,0.06
12:46:02.552,181.302,0.05
12:46:02.616,181.366,0.06
12:46:02.676,181.426,0.06
12:46:02.735,181.485,0.05
12:46:02.793,181.543,0.06
12:46:02.857,181.607,0.07
12:46:02.923,181.673,0.08
12:46:02.992,181.742,0.06
12:46:03.054,181.804,0.05
12:46:03.119,181.869,0.06
12:46:03.177,181.927,0.06
12:46:03.236,181.986,0.06
12:46:03.297,182.047,0.06
12:46:03.366,182.116,0.06
12:46:03.430,182.180,0.06
12:46:03.493,182.243,0.06
12:46:03.558,182.308,0.07
12:46:03.615,182.365,0.07
12:46:03.676,182.426,0.05
12:46:03.730,182.480,0.06
12:46:03.801,182.551,0.05
12:46:03.869,182.619,0.06
12:46:03.941,182.691,0.06
12:46:04.004,182.754,0.06
12:46:04.073,182.823,0.05
12:46:04.158,182.908,0.05
12:46:04.226,182.976,0.05
12:46:04.291,183.041,0.06
12:46:04.356,183.106,0.06
12:46:04.418,183.168,0.06
12:46:04.483,183.233,0.07
12:46:04.549,183.299,0.05
12:46:04.622,183.372,0.06
12:46:04.687,183.437,0.05
12:46:04.758,183.508,0.06
12:46:04.824,183.574,0.05
12:46:04.891,183.641,0.07
12:46:04.954,183.704,0.06
12:46:05.022,183.772,0.06
12:46:05.081,183.831,0.06
12:46:05.141,183.891,0.05
12:46:05.214,183.964,0.07
12:46:05.292,184.042,0.06
12:46:05.359,184.109,0.07
12:46:05.450,184.200,0.05
12:46:05.525,184.275,0.05
12:46:05.598,184.348,0.05
12:46:05.668,184.418,0.06
12:46:05.734,184.484,0.06
12:46:05.804,184.554,0.06
12:46:05.866,184.616,0.06
12:46:05.936,184.686,0.06
12:46:06.010,184.760,0.06
12:46:06.092,184.842,0.06
12:46:06.176,184.926,0.05
12:46:06.248,184.998,0.06
12:46:06.315,185.065,0.06
12:46:06.395,185.145,0.06
12:46:06.460,185.210,0.06
12:46:06.528,185.278,0.06
12:46:06.588,185.338,0.06
12:46:06.653,185.403,0.07
12:46:06.715,185.465,0.05
12:46:06.782,185.532,0.07
12:46:06.839,185.589,0.06
12:46:06.903,185.653,0.06
12:46:06.959,185.709,0.05
12:46:07.030,185.780,0.05
12:46:07.089,185.839,0.06
12:46:07.159,185.909,0.05
12:46:07.226,185.976,0.06
12:46:07.290,186.040,0.05
12:46:07.359,186.109,0.06
12:46:07.421,186.171,0.06
12:46:07.489,186.239,0.06
12:46:07.556,186.306,0.05
12:46:07.625,186.375,0.06
12:46:07.693,186.443,0.06
12:46:07.757,186.508,0.06
12:46:07.825,186.575,0.06
12:46:07.887,186.637,0.07
12:46:07.951,186.701,0.07
12:46:08.020,186.770,0.05
12:46:08.085,186.835,0.06
12:46:08.144,186.894,0.05
12:46:08.214,186.965,0.06
12:46:08.289,187.039,0.06
12:46:08.348,187.098,0.06
12:46:08.427,187.177,0.06
12:46:08.492,187.242,0.06
12:46:08.562,187.312,0.06
12:46:08.626,187.376,0.05
12:46:08.693,187.444,0.06
12:46:08.762,187.513,0.05
12:46:08.820,187.570,0.05
12:46:08.883,187.633,0.06
12:46:08.942,187.692,0.05
12:46:09.008,187.758,0.05
12:46:09.071,187.821,0.06
12:46:09.138,187.888,0.06
12:46:09.199,187.949,0.07
12:46:09.267,188.017,0.05
12:46:09.334,188.084,0.06
12:46:09.399,188.149,0.05
12:46:09.464,188.214,0.07
12:46:09.524,188.274,0.06
12:46:09.587,188.337,0.06
12:46:09.648,188.398,0.06
12:46:09.711,188.461,0.06
12:46:09.783,188.533,0.06
12:46:09.851,188.601,0.06
12:46:09.909,188.659,0.06
12:46:09.971,188.721,0.06
12:46:10.038,188.788,0.07
12:46:10.104,188.854,0.06
12:46:10.175,188.925,0.05
12:46:10.242,188.992,0.05
12:46:10.321,189.071,0.06
12:46:10.385,189.135,0.05
12:46:10.444,189.194,0.07
12:46:10.505,189.255,0.05
12:46:10.573,189.323,0.06
12:46:10.636,189.386,0.06
12:46:10.712,189.462,0.06
12:46:10.784,189.534,0.05
12:46:10.850,189.600,0.06
12:46:10.923,189.673,0.06
12:46:11.004,189.754,0.05
12:46:11.064,189.814,0.05
12:46:11.129,189.879,0.06
12:46:11.191,189.941,0.05
12:46:11.259,190.009,0.07
12:46:11.317,190.068,0.07
12:46:11.387,190.137,0.07
12:46:11.449,190.199,0.07
12:46:11.523,190.273,0.06
12:46:11.589,190.339,0.06
12:46:11.654,190.404,0.05
12:46:11.723,190.473,0.07
12:46:11.785,190.535,0.06
12:46:11.851,190.601,0.06
12:46:11.905,190.655,0.06
12:46:11.972,190.722,0.06
12:46:12.031,190.781,0.06
12:46:12.095,190.845,0.06
12:46:12.151,190.901,0.06
12:46:12.219,190.969,0.06
12:46:12.282,191.032,0.06
12:46:12.345,191.095,0.06
12:46:12.404,191.154,0.06
12:46:12.465,191.215,0.06
12:46:12.526,191.276,0.06
12:46:12.585,191.335,0.05
12:46:12.637,191.387,0.06
12:46:12.697,191.447,0.05
12:46:12.789,191.539,0.07
12:46:12.846,191.596,0.06
12:46:12.910,191.660,0.07
12:46:12.982,191.732,0.06
12:46:13.048,191.798,0.06
12:46:13.112,191.862,0.06
12:46:13.176,191.926,0.05
12:46:13.238,191.988,0.06
12:46:13.301,192.051,0.07
12:46:13.364,192.114,0.06
12:46:13.421,192.171,0.06
12:46:13.488,192.238,0.05
12:46:13.546,192.296,0.06
12:46:13.608,192.358,0.05
12:46:13.669,192.419,0.06
12:46:13.737,192.487,0.06
12:46:13.802,192.552,0.05
12:46:13.878,192.628,0.06
12:46:13.938,192.688,0.07
12:46:13.999,192.749,0.06
12:46:14.054,192.805,0.06
12:46:14.121,192.871,0.06
12:46:14.183,192.933,0.06
12:46:14.246,192.996,0.06
12:46:14.308,193.058,0.06
12:46:14.366,193.116,0.06
12:46:14.428,193.178,0.06
12:46:14.488,193.238,0.06
12:46:14.554,193.304,0.06
12:46:14.612,193.362,0.05
12:46:14.677,193.427,0.06
12:46:14.741,193.491,0.06
12:46:14.804,193.554,0.06
12:46:14.862,193.612,0.06
12:46:14.923,193.673,0.05
12:46:14.985,193.735,0.05
12:46:15.046,193.796,0.06
12:46:15.105,193.855,0.06
12:46:15.170,193.920,0.06
12:46:15.242,193.992,0.05
12:46:15.314,194.064,0.05
12:46:15.383,194.133,0.07
12:46:15.439,194.189,0.06
12:46:15.498,194.248,0.06
12:46:15.553,194.303,0.06
12:46:15.608,194.358,0.06
12:46:15.662,194.412,0.06
12:46:15.722,194.472,0.06
12:46:15.790,194.540,0.06
12:46:15.853,194.603,0.05
12:46:15.909,194.660,0.07
12:46:15.968,194.718,0.07
12:46:16.033,194.783,0.07
12:46:16.099,194.849,0.06
12:46:16.162,194.912,0.05
12:46:16.233,194.983,0.05
12:46:16.303,195.053,0.06
12:46:16.376,195.126,0.06
12:46:16.446,195.196,0.08
12:46:16.511,195.261,0.07
12:46:16.574,195.324,0.06
12:46:16.629,195.379,0.05
12:46:16.697,195.447,0.06
12:46:16.758,195.508,0.05
12:46:16.830,195.580,0.06
12:46:16.891,195.641,0.06
12:46:16.953,195.703,0.06
12:46:17.012,195.762,0.07
12:46:17.072,195.822,0.07
12:46:17.129,195.879,0.06
12:46:17.193,195.943,0.06
12:46:17.254,196.004,0.06
12:46:17.311,196.061,0.06
12:46:17.377,196.127,0.06
12:46:17.436,196.186,0.06
12:46:17.526,196.276,0.06
12:46:17.592,196.342,0.06
12:46:17.654,196.404,0.06
12:46:17.716,196.466,0.05
12:46:17.782,196.532,0.06
12:46:17.846,196.596,0.06
12:46:17.910,196.660,0.05
12:46:17.971,196.721,0.06
12:46:18.033,196.783,0.06
12:46:18.098,196.848,0.05
12:46:18.156,196.906,0.06
12:46:18.221,196.971,0.06
12:46:18.282,197.032,0.05
12:46:18.353,197.103,0.04
12:46:18.419,197.169,0.06
12:46:18.494,197.244,0.06
12:46:18.558,197.308,0.06
12:46:18.619,197.369,0.06
12:46:18.691,197.441,0.07
12:46:18.754,197.504,0.06
12:46:18.821,197.571,0.06
12:46:18.881,197.631,0.06
12:46:18.959,197.709,0.06
12:46:19.021,197.771,0.06
12:46:19.089,197.839,0.05
12:46:19.153,197.903,0.06
12:46:19.216,197.966,0.06
12:46:19.282,198.032,0.06
12:46:19.347,198.097,0.05
12:46:19.413,198.163,0.05
12:46:19.475,198.225,0.05
12:46:19.543,198.293,0.06
12:46:19.608,198.358,0.06
12:46:19.678,198.428,0.05
12:46:19.735,198.485,0.06
12:46:19.809,198.559,0.06
12:46:19.876,198.626,0.06
12:46:19.935,198.685,0.07
12:46:20.007,198.757,0.04
12:46:20.068,198.818,0.06
12:46:20.130,198.880,0.06
12:46:20.193,198.943,0.06
12:46:20.267,199.017,0.06
12:46:20.331,199.081,0.06
12:46:20.391,199.141,0.06
12:46:20.456,199.206,0.06
12:46:20.518,199.268,0.06
12:46:20.585,199.335,0.06
12:46:20.648,199.398,0.06
12:46:20.714,199.464,0.05
12:46:20.780,199.530,0.06
12:46:20.849,199.599,0.06
12:46:20.915,199.665,0.05
12:46:20.979,199.729,0.06
12:46:21.048,199.798,0.05
12:46:21.113,199.863,0.06
12:46:21.179,199.929,0.06
12:46:21.248,199.998,0.06
12:46:21.320,200.070,0.06
12:46:21.390,200.140,0.06
12:46:21.458,200.208,0.06
12:46:21.536,200.286,0.07
12:46:21.599,200.349,0.06
12:46:21.664,200.414,0.06
12:46:21.721,200.471,0.06
12:46:21.784,200.534,0.06
12:46:21.845,200.595,0.06
12:46:21.908,200.658,0.05
12:46:21.971,200.721,0.05
12:46:22.050,200.800,0.06
12:46:22.126,200.876,0.06
12:46:22.195,200.945,0.06
12:46:22.266,201.016,0.06
12:46:22.329,201.079,0.06
12:46:22.395,201.145,0.06
12:46:22.461,201.211,0.05
12:46:22.524,201.274,0.06
12:46:22.587,201.337,0.06
12:46:22.649,201.399,0.06
12:46:22.720,201.470,0.05
12:46:22.778,201.528,0.06
12:46:22.845,201.595,0.06
12:46:22.905,201.655,0.05
12:46:22.976,201.726,0.06
12:46:23.045,201.795,0.06
12:46:23.108,201.858,0.06
12:46:23.176,201.926,0.06
12:46:23.242,201.992,0.06
12:46:23.303,202.053,0.06
12:46:23.368,202.118,0.06
12:46:23.433,202.183,0.17
12:46:23.490,202.240,0.05
12:46:23.559,202.309,0.06
12:46:23.628,202.378,0.06
12:46:23.690,202.440,0.08
12:46:23.744,202.494,0.06
12:46:23.804,202.554,0.07
12:46:23.858,202.608,0.05
12:46:23.923,202.673,0.05
12:46:23.983,202.733,0.06
12:46:24.045,202.795,0.07
12:46:24.103,202.853,0.07
12:46:24.180,202.930,0.08
12:46:24.245,202.995,0.05
12:46:24.302,203.052,0.05
12:46:24.377,203.127,0.06
12:46:24.440,203.190,0.05
12:46:24.503,203.253,0.05
12:46:24.560,203.310,0.06
12:46:24.618,203.368,0.06
12:46:24.675,203.425,0.07
12:46:24.735,203.485,0.07
12:46:24.787,203.537,0.06
12:46:24.854,203.604,0.06
12:46:24.908,203.658,0.06
12:46:24.966,203.716,0.05
12:46:25.023,203.773,0.06
12:46:25.100,203.850,0.05
12:46:25.159,203.909,0.05
12:46:25.218,203.968,0.06
12:46:25.274,204.024,0.06
12:46:25.335,204.085,0.07
12:46:25.394,204.144,0.06
12:46:25.454,204.204,0.07
12:46:25.512,204.262,0.05
12:46:25.574,204.324,0.07
12:46:25.634,204.384,0.06
12:46:25.696,204.446,0.05
12:46:25.750,204.500,0.06
12:46:25.814,204.564,0.06
12:46:25.870,204.620,0.05
12:46:25.931,204.681,0.06
12:46:25.990,204.740,0.06
12:46:26.048,204.798,0.06
12:46:26.103,204.853,0.06
12:46:26.161,204.911,0.06
12:46:26.219,204.969,0.05
12:46:26.276,205.026,0.06
12:46:26.332,205.082,0.07
12:46:26.391,205.141,0.06
12:46:26.457,205.207,0.06
12:46:26.525,205.275,0.06
12:46:26.595,205.345,0.05
12:46:26.658,205.408,0.06
12:46:26.722,205.472,0.06
12:46:26.778,205.528,0.06
12:46:26.835,205.585,0.06
12:46:26.890,205.640,0.05
12:46:26.947,205.697,0.06
12:46:27.001,205.751,0.06
12:46:27.057,205.807,0.05
12:46:27.112,205.862,0.06
12:46:27.167,205.918,0.06
12:46:27.224,205.974,0.06
12:46:27.280,206.030,0.06
12:46:27.336,206.086,0.06
12:46:27.390,206.140,0.07
12:46:27.456,206.206,0.05
12:46:27.512,206.262,0.05
12:46:27.575,206.325,0.06
12:46:27.632,206.382,0.06
12:46:27.692,206.442,0.06
12:46:27.746,206.496,0.06
12:46:27.806,206.556,0.05
12:46:27.862,206.612,0.06
12:46:27.922,206.672,0.06
12:46:27.980,206.730,0.06
12:46:28.048,206.798,0.06
12:46:28.105,206.855,0.05
12:46:28.167,206.917,0.05
12:46:28.229,206.979,0.05
12:46:28.295,207.045,0.06
12:46:28.364,207.114,0.07
12:46:28.421,207.171,0.06
12:46:28.476,207.226,0.07
12:46:28.531,207.281,0.07
12:46:28.585,207.335,0.05
12:46:28.644,207.394,0.05
12:46:28.702,207.452,0.04
12:46:28.767,207.517,0.06
12:46:28.826,207.576,0.06
12:46:28.902,207.652,0.06
12:46:28.961,207.711,0.06
12:46:29.019,207.769,0.07
12:46:29.076,207.826,0.05
12:46:29.134,207.884,0.06
12:46:29.199,207.949,0.06
12:46:29.253,208.003,0.05
12:46:29.320,208.070,0.05
12:46:29.372,208.122,0.06
12:46:29.430,208.180,0.07
12:46:29.487,208.237,0.06
12:46:29.540,208.290,0.06
12:46:29.600,208.350,0.06
12:46:29.662,208.412,0.06
12:46:29.720,208.470,0.06
12:46:29.784,208.534,0.06
12:46:29.846,208.596,0.06
12:46:29.913,208.663,0.06
12:46:29.967,208.717,0.06
12:46:30.029,208.779,0.07
12:46:30.081,208.831,0.06
12:46:30.137,208.887,0.05
12:46:30.197,208.947,0.06
12:46:30.256,209.006,0.06
12:46:30.312,209.062,0.06
12:46:30.371,209.121,0.06
12:46:30.427,209.177,0.06
12:46:30.482,209.232,0.06
12:46:30.540,209.290,0.06
12:46:30.595,209.345,0.06
12:46:30.650,209.400,0.05
12:46:30.709,209.459,0.05
12:46:30.767,209.517,0.05
12:46:30.822,209.572,0.05
12:46:30.882,209.632,0.07
12:46:30.937,209.687,0.06
12:46:30.995,209.745,0.06
12:46:31.053,209.803,0.07
12:46:31.124,209.874,0.06
12:46:31.188,209.938,0.05
12:46:31.251,210.001,0.05
12:46:31.310,210.060,0.06
12:46:31.368,210.118,0.06
12:46:31.436,210.186,0.07
12:46:31.498,210.248,0.07
12:46:31.577,210.327,0.06
12:46:31.637,210.387,0.05
12:46:31.695,210.445,0.06
12:46:31.755,210.505,0.06
12:46:31.819,210.569,0.05
12:46:31.882,210.632,0.06
12:46:31.948,210.698,0.05
12:46:32.002,210.752,0.06
12:46:32.058,210.808,0.05
12:46:32.115,210.865,0.06
12:46:32.176,210.926,0.06
12:46:32.231,210.981,0.07
12:46:32.288,211.038,0.07
12:46:32.347,211.097,0.06
12:46:32.408,211.158,0.05
12:46:32.462,211.212,0.06
12:46:32.518,211.268,0.06
12:46:32.577,211.327,0.05
12:46:32.636,211.386,0.05
12:46:32.694,211.444,0.06
12:46:32.760,211.510,0.07
12:46:32.815,211.565,0.05
12:46:32.878,211.628,0.06
12:46:32.932,211.682,0.06
12:46:32.993,211.743,0.06
12:46:33.055,211.805,0.05
12:46:33.121,211.871,0.05
12:46:33.176,211.926,0.05
12:46:33.231,211.981,0.06
12:46:33.288,212.038,0.06
12:46:33.350,212.100,0.06
12:46:33.418,212.168,0.07
12:46:33.490,212.240,0.06
12:46:33.545,212.295,0.06
12:46:33.604,212.354,0.05
12:46:33.658,212.408,0.06
12:46:33.719,212.469,0.07
12:46:33.773,212.523,0.05
12:46:33.837,212.587,0.06
12:46:33.891,212.641,0.06
12:46:33.952,212.702,0.06
12:46:34.004,212.754,0.05
12:46:34.063,212.813,0.07
12:46:34.123,212.873,0.06
12:46:34.183,212.933,0.06
12:46:34.237,212.987,0.06
12:46:34.294,213.044,0.06
12:46:34.351,213.101,0.05
12:46:34.409,213.159,0.06
12:46:34.469,213.219,0.06
12:46:34.539,213.289,0.07
12:46:34.598,213.348,0.06
12:46:34.683,213.433,0.05
12:46:34.744,213.494,0.06
12:46:34.801,213.551,0.05
12:46:34.857,213.607,0.05
12:46:34.915,213.665,0.06
12:46:34.969,213.719,0.05
12:46:35.024,213.774,0.07
12:46:35.077,213.827,0.06
12:46:35.144,213.894,0.05
12:46:35.200,213.950,0.06
12:46:35.264,214.014,0.06
12:46:35.322,214.072,0.07
12:46:35.381,214.131,0.06
12:46:35.444,214.194,0.06
12:46:35.507,214.257,0.06
12:46:35.576,214.326,0.06
12:46:35.642,214.392,0.06
12:46:35.719,214.469,0.06
12:46:35.789,214.539,0.06
12:46:35.860,214.610,0.06
12:46:35.921,214.671,0.06
12:46:35.980,214.730,0.06
12:46:36.040,214.790,0.07
12:46:36.104,214.854,0.06
12:46:36.165,214.915,0.06
12:46:36.228,214.978,0.05
12:46:36.290,215.040,0.06
12:46:36.349,215.099,0.06
12:46:36.409,215.159,0.06
12:46:36.468,215.218,0.06
12:46:36.539,215.289,0.06
12:46:36.598,215.348,0.05
12:46:36.655,215.405,0.06
12:46:36.712,215.462,0.06
12:46:36.774,215.524,0.05
12:46:36.833,215.583,0.05
12:46:36.898,215.648,0.06
12:46:36.957,215.707,0.08
12:46:37.025,215.775,0.05
12:46:37.084,215.834,0.06
12:46:37.152,215.902,0.06
12:46:37.214,215.964,0.06
12:46:37.279,216.029,0.05
12:46:37.341,216.091,0.05
12:46:37.404,216.154,0.06
12:46:37.466,216.216,0.06
12:46:37.525,216.275,0.05
12:46:37.591,216.341,0.06
12:46:37.656,216.406,0.06
12:46:37.723,216.473,0.06
12:46:37.789,216.539,0.05
12:46:37.859,216.609,0.06
12:46:37.934,216.684,0.05
12:46:38.009,216.759,0.06
12:46:38.075,216.825,0.06
12:46:38.134,216.884,0.06
12:46:38.195,216.945,0.07
12:46:38.258,217.008,0.05
12:46:38.321,217.071,0.05
12:46:38.382,217.132,0.06
12:46:38.451,217.201,0.06
12:46:38.509,217.259,0.06
12:46:38.578,217.328,0.06
12:46:38.644,217.394,0.06
12:46:38.705,217.455,0.07
12:46:38.768,217.518,0.06
12:46:38.830,217.580,0.07
12:46:38.897,217.647,0.06
12:46:38.958,217.708,0.05
12:46:39.020,217.770,0.06
12:46:39.081,217.831,0.06
12:46:39.147,217.897,0.07
12:46:39.213,217.963,0.05
12:46:39.288,218.038,0.05
12:46:39.361,218.111,0.05
12:46:39.430,218.180,0.06
12:46:39.501,218.251,0.06
12:46:39.559,218.309,0.06
12:46:39.631,218.381,0.05
12:46:39.692,218.442,0.05
12:46:39.756,218.506,0.06
12:46:39.818,218.568,0.06
12:46:39.881,218.631,0.06
12:46:39.949,218.699,0.07
12:46:40.013,218.763,0.06
12:46:40.083,218.833,0.06
12:46:40.151,218.901,0.06
12:46:40.233,218.983,0.06
12:46:40.301,219.051,0.06
12:46:40.360,219.110,0.07
12:46:40.425,219.175,0.06
12:46:40.481,219.231,0.05
12:46:40.545,219.295,0.06
12:46:40.604,219.354,0.05
12:46:40.666,219.416,0.06
12:46:40.731,219.481,0.06
12:46:40.800,219.550,0.06
12:46:40.858,219.608,0.05
12:46:40.929,219.679,0.06
12:46:40.987,219.737,0.06
12:46:41.051,219.801,0.06
12:46:41.111,219.861,0.06
12:46:41.177,219.927,0.06
12:46:41.234,219.984,0.05
12:46:41.299,220.049,0.06
12:46:41.354,220.104,0.06
12:46:41.426,220.176,0.05
12:46:41.497,220.247,0.06
12:46:41.563,220.313,0.05
12:46:41.631,220.381,0.07
12:46:41.698,220.448,0.05
12:46:41.767,220.517,0.05
12:46:41.824,220.574,0.06
12:46:41.886,220.636,0.06
12:46:41.947,220.697,0.06
12:46:42.011,220.761,0.06
12:46:42.073,220.823,0.06
12:46:42.134,220.884,0.05
12:46:42.195,220.945,0.05
12:46:42.256,221.006,0.06
12:46:42.313,221.063,0.06
12:46:42.373,221.123,0.06
12:46:42.434,221.184,0.06
12:46:42.501,221.251,0.07
12:46:42.573,221.323,0.06
12:46:42.631,221.381,0.06
12:46:42.686,221.436,0.06
12:46:42.744,221.494,0.05
12:46:42.807,221.557,0.06
12:46:42.866,221.616,0.06
12:46:42.933,221.683,0.06
12:46:42.989,221.739,0.06
12:46:43.066,221.816,0.05
12:46:43.129,221.879,0.06
12:46:43.190,221.940,0.05
12:46:43.249,221.999,0.06
12:46:43.306,222.056,0.06
12:46:43.364,222.114,0.05
12:46:43.424,222.174,0.06
12:46:43.481,222.231,0.06
12:46:43.539,222.290,0.05
12:46:43.601,222.351,0.06
12:46:43.658,222.408,0.06
12:46:43.719,222.469,0.05
12:46:43.779,222.529,0.05
12:46:43.838,222.588,0.06
12:46:43.899,222.649,0.06
12:46:43.957,222.707,0.05
12:46:44.016,222.766,0.06
12:46:44.076,222.826,0.06
12:46:44.141,222.891,0.06
12:46:44.202,222.952,0.06
12:46:44.260,223.010,0.06
12:46:44.326,223.076,0.06
12:46:44.396,223.146,0.06
12:46:44.457,223.207,0.06
12:46:44.513,223.263,0.06
12:46:44.569,223.319,0.06
12:46:44.626,223.376,0.06
12:46:44.686,223.436,0.06
12:46:44.746,223.496,0.06
12:46:44.825,223.575,0.06
12:46:44.886,223.636,0.06
12:46:44.948,223.698,0.04
12:46:45.016,223.766,0.05
12:46:45.080,223.830,0.06
12:46:45.143,223.893,0.06
12:46:45.207,223.957,0.06
12:46:45.275,224.025,0.05
12:46:45.338,224.088,0.06
12:46:45.402,224.152,0.05
12:46:45.466,224.216,0.06
12:46:45.527,224.277,0.05
12:46:45.586,224.336,0.05
12:46:45.650,224.400,0.06
12:46:45.708,224.458,0.05
12:46:45.769,224.519,0.06
12:46:45.827,224.577,0.12
12:46:45.889,224.639,0.07
12:46:45.946,224.696,0.05
12:46:46.002,224.753,0.06
12:46:46.061,224.811,0.04
12:46:46.125,224.875,0.05
12:46:46.183,224.933,0.06
12:46:46.253,225.003,0.06
12:46:46.316,225.066,0.06
12:46:46.380,225.130,0.06
12:46:46.443,225.193,0.06
12:46:46.498,225.248,0.06
12:46:46.561,225.311,0.06
12:46:46.625,225.375,0.06
12:46:46.690,225.440,0.05
12:46:46.747,225.497,0.06
12:46:46.809,225.559,0.06
12:46:46.866,225.616,0.06
12:46:46.929,225.679,0.06
12:46:46.989,225.739,0.06
12:46:47.061,225.811,0.07
12:46:47.129,225.879,0.05
12:46:47.191,225.941,0.06
12:46:47.252,226.002,0.06
12:46:47.317,226.067,0.07
12:46:47.379,226.130,0.06
12:46:47.440,226.190,0.07
12:46:47.503,226.253,0.05
12:46:47.567,226.317,0.05
12:46:47.629,226.379,0.06
12:46:47.688,226.438,0.06
12:46:47.750,226.500,0.05
12:46:47.808,226.558,0.07
12:46:47.871,226.621,0.06
12:46:47.930,226.680,0.05
12:46:47.991,226.741,0.06
12:46:48.051,226.801,0.06
12:46:48.120,226.870,0.05
12:46:48.181,226.931,0.06
12:46:48.246,226.996,0.06
12:46:48.304,227.054,0.06
12:46:48.368,227.118,0.07
12:46:48.433,227.183,0.05
12:46:48.494,227.244,0.05
12:46:48.550,227.300,0.06
12:46:48.609,227.359,0.06
12:46:48.665,227.415,0.06
12:46:48.730,227.480,0.06
12:46:48.792,227.542,0.06
12:46:48.853,227.603,0.06
12:46:48.913,227.663,0.06
12:46:48.973,227.723,0.06
12:46:49.036,227.786,0.06
12:46:49.097,227.847,0.06
12:46:49.165,227.915,0.06
12:46:49.227,227.977,0.07
12:46:49.294,228.044,0.05
12:46:49.367,228.117,0.05
12:46:49.434,228.184,0.05
12:46:49.497,228.247,0.05
12:46:49.563,228.313,0.06
12:46:49.628,228.378,0.06
12:46:49.689,228.439,0.06
12:46:49.759,228.509,0.07
12:46:49.820,228.570,0.05
12:46:49.887,228.637,0.05
12:46:49.948,228.698,0.06
12:46:50.019,228.769,0.06
12:46:50.077,228.827,0.05
12:46:50.151,228.901,0.06
12:46:50.214,228.964,0.07
12:46:50.276,229.026,0.06
12:46:50.342,229.092,0.06
12:46:50.406,229.156,0.05
12:46:50.474,229.224,0.07
12:46:50.530,229.280,0.08
12:46:50.587,229.337,0.04
12:46:50.648,229.398,0.07
12:46:50.711,229.461,0.05
12:46:50.819,229.569,0.06
12:46:50.878,229.628,0.06
12:46:50.942,229.692,0.06
12:46:51.002,229.752,0.07
12:46:51.070,229.820,0.08
12:46:51.131,229.881,0.05
12:46:51.197,229.947,0.05
12:46:51.256,230.006,0.06
12:46:51.323,230.073,0.06
12:46:51.391,230.141,0.05
12:46:51.449,230.199,0.06
12:46:51.507,230.257,0.05
12:46:51.576,230.326,0.06
12:46:51.651,230.401,0.06
12:46:51.718,230.468,0.06
12:46:51.786,230.536,0.06
12:46:51.849,230.599,0.06
12:46:51.915,230.665,0.05
12:46:51.978,230.728,0.05
12:46:52.043,230.793,0.06
12:46:52.104,230.854,0.06
12:46:52.168,230.918,0.06
12:46:52.236,230.986,0.06
12:46:52.293,231.043,0.06
12:46:52.359,231.109,0.06
12:46:52.417,231.167,0.06
12:46:52.475,231.225,0.06
12:46:52.534,231.284,0.05
12:46:52.595,231.345,0.05
12:46:52.658,231.408,0.06
12:46:52.725,231.475,0.06
12:46:52.784,231.534,0.07
12:46:52.852,231.602,0.06
12:46:52.910,231.660,0.06
12:46:52.972,231.722,0.06
12:46:53.034,231.784,0.06
12:46:53.100,231.850,0.06
12:46:53.158,231.908,0.06
12:46:53.224,231.974,0.06
12:46:53.285,232.035,0.07
12:46:53.344,232.094,0.05
12:46:53.406,232.156,0.05
12:46:53.467,232.217,0.07
12:46:53.529,232.279,0.05
12:46:53.595,232.345,0.06
12:46:53.663,232.413,0.06
12:46:53.727,232.477,0.06
12:46:53.794,232.544,0.06
12:46:53.863,232.613,0.05
12:46:53.936,232.686,0.06
12:46:54.009,232.759,0.06
12:46:54.066,232.816,0.06
12:46:54.135,232.885,0.07
12:46:54.196,232.946,0.06
12:46:54.268,233.018,0.05
12:46:54.332,233.082,0.05
12:46:54.399,233.149,0.05
12:46:54.459,233.209,0.06
12:46:54.528,233.278,0.07
12:46:54.596,233.346,0.06
12:46:54.653,233.403,0.06
12:46:54.713,233.464,0.05
12:46:54.774,233.524,0.05
12:46:54.839,233.589,0.06
12:46:54.899,233.649,0.06
12:46:54.964,233.714,0.06
12:46:55.023,233.773,0.06
12:46:55.083,233.833,0.06
12:46:55.143,233.893,0.05
12:46:55.206,233.956,0.06
12:46:55.267,234.017,0.05
12:46:55.329,234.079,0.05
12:46:55.387,234.137,0.06
12:46:55.443,234.193,0.06
12:46:55.501,234.251,0.06
12:46:55.569,234.319,0.06
12:46:55.630,234.380,0.06
12:46:55.694,234.444,0.06
12:46:55.754,234.505,0.05
12:46:55.821,234.571,0.06
12:46:55.883,234.633,0.05
12:46:55.942,234.692,0.06
12:46:56.005,234.755,0.05
12:46:56.060,234.810,0.06
12:46:56.126,234.876,0.07
12:46:56.191,234.941,0.07
12:46:56.253,235.003,0.06
12:46:56.312,235.062,0.06
12:46:56.377,235.127,0.06
12:46:56.439,235.189,0.06
12:46:56.502,235.252,0.05
12:46:56.568,235.318,0.06
12:46:56.629,235.379,0.06
12:46:56.689,235.439,0.06
12:46:56.755,235.505,0.06
12:46:56.812,235.562,0.05
12:46:56.871,235.621,0.04
12:46:56.932,235.682,0.08
12:46:56.992,235.742,0.09
12:46:57.052,235.802,0.05
12:46:57.112,235.862,0.03
12:46:57.163,235.913,0.07
12:46:57.230,235.980,0.06
12:46:57.283,236.033,0.02
12:46:57.340,236.090,0.05
12:46:57.391,236.142,0.07
12:46:57.451,236.201,0.06
12:46:57.505,236.255,0.05
12:46:57.563,236.313,0.06
12:46:57.615,236.365,0.06
12:46:57.672,236.422,0.06
12:46:57.724,236.474,0.06
12:46:57.778,236.528,0.06
12:46:57.832,236.582,0.05
12:46:57.896,236.646,0.06
12:46:57.950,236.700,0.06
12:46:58.009,236.759,0.06
12:46:58.065,236.815,0.06
12:46:58.119,236.869,0.05
12:46:58.177,236.927,0.05
12:46:58.233,236.983,0.07
12:46:58.294,237.044,0.06
12:46:58.351,237.101,0.02
12:46:58.422,237.172,0.08
12:46:58.486,237.236,0.05
12:46:58.544,237.294,0.06
12:46:58.604,237.354,0.04
12:46:58.664,237.414,0.06
12:46:58.732,237.482,0.06
12:46:58.799,237.549,0.05
12:46:58.867,237.617,0.06
12:46:58.928,237.678,0.06
12:46:58.990,237.740,0.05
12:46:59.048,237.798,0.06
12:46:59.109,237.859,0.07
12:46:59.164,237.914,0.05
12:46:59.225,237.975,0.06
12:46:59.280,238.030,0.06
12:46:59.340,238.090,0.06
12:46:59.397,238.147,0.06
12:46:59.459,238.209,0.07
12:46:59.520,238.270,0.06
12:46:59.587,238.337,0.06
12:46:59.644,238.394,0.06
12:46:59.702,238.452,0.06
12:46:59.760,238.510,0.06
12:46:59.817,238.567,0.05
12:46:59.875,238.625,0.06
12:46:59.933,238.683,0.06
12:46:59.991,238.741,0.06
12:47:00.059,238.809,0.06
12:47:00.122,238.872,0.06
12:47:00.183,238.933,0.05
12:47:00.241,238.991,0.06
12:47:00.301,239.051,0.06
12:47:00.359,239.109,0.07
12:47:00.420,239.170,0.06
12:47:00.475,239.225,0.05
12:47:00.533,239.283,0.05
12:47:00.590,239.340,0.07
12:47:00.663,239.413,0.06
12:47:00.731,239.481,0.07
12:47:00.795,239.545,0.06
12:47:00.858,239.608,0.05
12:47:00.918,239.668,0.06
12:47:00.979,239.729,0.06
12:47:01.037,239.787,0.06
12:47:01.098,239.848,0.05
12:47:01.158,239.908,0.06
12:47:01.226,239.976,0.05
12:47:01.284,240.034,0.06
12:47:01.346,240.096,0.06
12:47:01.407,240.157,0.06
12:47:01.472,240.222,0.06
12:47:01.533,240.283,0.06
12:47:01.602,240.352,0.06
12:47:01.662,240.412,0.06
12:47:01.722,240.472,0.06
12:47:01.784,240.534,0.06
12:47:01.842,240.592,0.06
12:47:01.899,240.649,0.06
12:47:01.955,240.705,0.06
12:47:02.012,240.762,0.05
12:47:02.072,240.822,0.06
12:47:02.131,240.881,0.06
12:47:02.190,240.940,0.06
12:47:02.251,241.001,0.06
12:47:02.320,241.070,0.06
12:47:02.383,241.133,0.06
12:47:02.443,241.194,0.07
12:47:02.503,241.253,0.06
12:47:02.562,241.312,0.06
12:47:02.621,241.371,0.06
12:47:02.682,241.432,0.07
12:47:02.742,241.492,0.06
12:47:02.805,241.555,0.06
12:47:02.876,241.626,0.06
12:47:02.944,241.694,0.06
12:47:03.016,241.766,0.06
12:47:03.076,241.826,0.07
12:47:03.139,241.889,0.05
12:47:03.202,241.952,0.03
12:47:03.265,242.015,0.04
12:47:03.325,242.075,0.03
12:47:03.388,242.138,0.05
12:47:03.451,242.201,0.06
12:47:03.508,242.258,0.07
12:47:03.568,242.318,0.07
12:47:03.626,242.376,0.05
12:47:03.697,242.447,0.07
12:47:03.757,242.507,0.05
12:47:03.822,242.572,0.05
12:47:03.879,242.629,0.06
12:47:03.947,242.697,0.07
12:47:04.007,242.757,0.07
12:47:04.075,242.825,0.05
12:47:04.136,242.886,0.07
12:47:04.198,242.948,0.06
12:47:04.253,243.003,0.06
12:47:04.314,243.064,0.06
12:47:04.371,243.121,0.07
12:47:04.431,243.181,0.06
12:47:04.488,243.238,0.06
12:47:04.550,243.300,0.06
12:47:04.617,243.367,0.06
12:47:04.682,243.432,0.06
12:47:04.738,243.488,0.05
12:47:04.798,243.548,0.05
12:47:04.853,243.603,0.06
12:47:04.932,243.682,0.05
12:47:04.998,243.748,0.06
12:47:05.054,243.804,0.06
12:47:05.111,243.861,0.06
12:47:05.172,243.922,0.06
12:47:05.246,243.996,0.06
12:47:05.320,244.070,0.07
12:47:05.382,244.132,0.05
12:47:05.455,244.205,0.06
12:47:05.520,244.270,0.06
12:47:05.585,244.335,0.06
12:47:05.643,244.393,0.06
12:47:05.707,244.457,0.06
12:47:05.767,244.517,0.06
12:47:05.833,244.583,0.05
12:47:05.889,244.639,0.05
12:47:05.946,244.697,0.06
12:47:06.003,244.753,0.05
12:47:06.070,244.820,0.05
12:47:06.130,244.880,0.06
12:47:06.188,244.938,0.07
12:47:06.247,244.997,0.05
12:47:06.316,245.066,0.06
12:47:06.375,245.125,0.06
12:47:06.435,245.185,0.06
12:47:06.490,245.240,0.06
12:47:06.552,245.302,0.06
12:47:06.614,245.364,0.06
12:47:06.676,245.426,0.06
12:47:06.737,245.487,0.05
12:47:06.799,245.549,0.05
12:47:06.859,245.609,0.06
12:47:06.919,245.669,0.06
12:47:06.978,245.728,0.06
12:47:07.042,245.792,0.06
12:47:07.105,245.855,0.05
12:47:07.170,245.920,0.06
12:47:07.233,245.983,0.06
12:47:07.294,246.044,0.07
12:47:07.357,246.107,0.05
12:47:07.413,246.163,0.06
12:47:07.483,246.233,0.05
12:47:07.544,246.294,0.06
12:47:07.605,246.355,0.06
12:47:07.664,246.414,0.06
12:47:07.723,246.473,0.06
12:47:07.780,246.530,0.06
12:47:07.848,246.598,0.06
12:47:07.905,246.655,0.05
12:47:07.963,246.713,0.06
12:47:08.022,246.772,0.06
12:47:08.097,246.847,0.05
12:47:08.159,246.909,0.05
12:47:08.218,246.968,0.06
12:47:08.274,247.024,0.05
12:47:08.337,247.087,0.06
12:47:08.394,247.144,0.06
12:47:08.450,247.200,0.06
12:47:08.506,247.256,0.06
12:47:08.565,247.315,0.06
12:47:08.621,247.371,0.06
12:47:08.685,247.435,0.06
12:47:08.744,247.494,0.06
12:47:08.809,247.559,0.05
12:47:08.869,247.619,0.06
12:47:08.931,247.681,0.07
12:47:08.987,247.737,0.07
12:47:09.046,247.796,0.06
12:47:09.100,247.850,0.05
12:47:09.159,247.909,0.06
12:47:09.213,247.963,0.06
12:47:09.277,248.027,0.06
12:47:09.332,248.082,0.06
12:47:09.394,248.144,0.06
12:47:09.448,248.198,0.06
12:47:09.508,248.258,0.06
12:47:09.560,248.310,0.06
12:47:09.626,248.376,0.06
12:47:09.684,248.434,0.05
12:47:09.756,248.506,0.06
12:47:09.820,248.570,0.06
12:47:09.877,248.627,0.06
12:47:09.930,248.680,0.06
12:47:09.990,248.740,0.06
12:47:10.048,248.798,0.06
12:47:10.106,248.856,0.06
12:47:10.160,248.910,0.06
12:47:10.217,248.967,0.06
12:47:10.269,249.019,0.06
12:47:10.326,249.077,0.06
12:47:10.382,249.132,0.05
12:47:10.442,249.192,0.06
12:47:10.496,249.246,0.06
12:47:10.554,249.304,0.05
12:47:10.607,249.357,0.06
12:47:10.672,249.422,0.06
12:47:10.730,249.480,0.05
12:47:10.788,249.538,0.06
12:47:10.850,249.600,0.06
12:47:10.915,249.665,0.05
12:47:10.972,249.722,0.05
12:47:11.039,249.789,0.06
12:47:11.097,249.847,0.06
12:47:11.161,249.911,0.06
12:47:11.219,249.969,0.06
12:47:11.284,250.034,0.06
12:47:11.358,250.108,0.06
12:47:11.428,250.178,0.06
12:47:11.505,250.255,0.07
12:47:11.574,250.324,0.05
12:47:11.643,250.393,0.05
12:47:11.705,250.455,0.06
12:47:11.780,250.530,0.06
12:47:11.847,250.597,0.06
12:47:11.912,250.662,0.07
12:47:11.981,250.731,0.06
12:47:12.058,250.808,0.06
12:47:12.129,250.879,0.06
12:47:12.195,250.945,0.06
12:47:12.256,251.006,0.06
12:47:12.321,251.071,0.06
12:47:12.385,251.135,0.06
12:47:12.447,251.197,0.06
12:47:12.505,251.255,0.06
12:47:12.568,251.318,0.06
12:47:12.627,251.377,0.06
12:47:12.689,251.439,0.06
12:47:12.748,251.498,0.06
12:47:12.811,251.561,0.07
12:47:12.886,251.636,0.07
12:47:12.948,251.698,0.07
12:47:13.015,251.765,0.06
12:47:13.072,251.822,0.06
12:47:13.134,251.884,0.06
12:47:13.197,251.947,0.06
12:47:13.258,252.008,0.06
12:47:13.319,252.069,0.05
12:47:13.383,252.133,0.06
12:47:13.443,252.193,0.06
12:47:13.513,252.263,0.07
12:47:13.587,252.337,0.06
12:47:13.666,252.416,0.06
12:47:13.729,252.479,0.06
12:47:13.787,252.537,0.06
12:47:13.854,252.604,0.06
12:47:13.917,252.667,0.06
12:47:13.985,252.735,0.06
12:47:14.043,252.793,0.04
12:47:14.111,252.861,0.06
12:47:14.168,252.918,0.07
12:47:14.233,252.983,0.06
12:47:14.306,253.056,0.05
12:47:14.375,253.125,0.05
12:47:14.434,253.184,0.06
12:47:14.498,253.248,0.05
12:47:14.564,253.314,0.06
12:47:14.624,253.374,0.06
12:47:14.691,253.441,0.06
12:47:14.750,253.500,0.05
12:47:14.813,253.563,0.06
12:47:14.872,253.622,0.06
12:47:14.937,253.687,0.06
12:47:15.001,253.751,0.06
12:47:15.066,253.816,0.06
12:47:15.135,253.885,0.06
12:47:15.207,253.957,0.04
12:47:15.270,254.020,0.06
12:47:15.327,254.077,0.05
12:47:15.393,254.143,0.06
12:47:15.452,254.202,0.05
12:47:15.518,254.268,0.06
12:47:15.573,254.323,0.06
12:47:15.638,254.388,0.06
12:47:15.698,254.448,0.06
12:47:15.764,254.514,0.06
12:47:15.820,254.570,0.06
12:47:15.880,254.630,0.05
12:47:15.942,254.692,0.06
12:47:16.002,254.752,0.06
12:47:16.063,254.813,0.06
12:47:16.131,254.881,0.06
12:47:16.191,254.941,0.06
12:47:16.250,255.000,0.07
12:47:16.303,255.053,0.06
12:47:16.359,255.109,0.06
12:47:16.412,255.162,0.06
12:47:16.474,255.224,0.05
12:47:16.540,255.290,0.06
12:47:16.615,255.365,0.06
12:47:16.682,255.432,0.06
12:47:16.742,255.492,0.06
12:47:16.798,255.548,0.06
12:47:16.862,255.612,0.06
12:47:16.923,255.673,0.06
12:47:16.978,255.728,0.06
12:47:17.033,255.783,0.06
12:47:17.090,255.840,0.06
12:47:17.151,255.901,0.06
12:47:17.209,255.959,0.06
12:47:17.270,256.020,0.06
12:47:17.325,256.075,0.05
12:47:17.382,256.132,0.06
12:47:17.443,256.193,0.06
12:47:17.501,256.251,0.06
12:47:17.563,256.313,0.06
12:47:17.623,256.373,0.06
12:47:17.683,256.433,0.06
12:47:17.741,256.491,0.06
12:47:17.796,256.546,0.05
12:47:17.852,256.602,0.06
12:47:17.909,256.660,0.06
12:47:17.978,256.728,0.05
12:47:18.035,256.785,0.06
12:47:18.089,256.839,0.06
12:47:18.146,256.896,0.07
12:47:18.225,256.975,0.06
12:47:18.279,257.029,0.06
12:47:18.337,257.087,0.06
12:47:18.393,257.143,0.06
12:47:18.448,257.198,0.05
12:47:18.501,257.251,0.07
12:47:18.554,257.304,0.06
12:47:18.609,257.359,0.06
12:47:18.663,257.414,0.06
12:47:18.727,257.477,0.06
12:47:18.785,257.535,0.06
12:47:18.859,257.609,0.06
12:47:18.929,257.679,0.06
12:47:18.985,257.735,0.06
12:47:19.050,257.800,0.06
12:47:19.104,257.854,0.06
12:47:19.166,257.916,0.05
12:47:19.219,257.969,0.06
12:47:19.276,258.026,0.06
12:47:19.334,258.085,0.05
12:47:19.389,258.139,0.06
12:47:19.446,258.196,0.06
12:47:19.505,258.255,0.06
12:47:19.563,258.313,0.06
12:47:19.622,258.372,0.05
12:47:19.680,258.430,0.06
12:47:19.737,258.487,0.06
12:47:19.799,258.549,0.05
12:47:19.855,258.605,0.07
12:47:19.914,258.664,0.06
12:47:19.969,258.719,0.06
12:47:20.028,258.778,0.06
12:47:20.086,258.836,0.06
12:47:20.145,258.895,0.06
12:47:20.200,258.950,0.06
12:47:20.262,259.012,0.06
12:47:20.319,259.069,0.06
12:47:20.376,259.126,0.06
12:47:20.431,259.181,0.06
12:47:20.488,259.238,0.06
12:47:20.541,259.291,0.05
12:47:20.600,259.350,0.05
12:47:20.653,259.403,0.06
12:47:20.715,259.465,0.06
12:47:20.776,259.526,0.06
12:47:20.843,259.593,0.05
12:47:20.898,259.648,0.06
12:47:20.960,259.710,0.06
12:47:21.018,259.768,0.05
12:47:21.076,259.826,0.06
12:47:21.140,259.890,0.06
12:47:21.204,259.954,0.07
12:47:21.258,260.008,0.05
12:47:21.320,260.070,0.07
12:47:21.373,260.123,0.06
12:47:21.434,260.184,0.06
12:47:21.487,260.237,0.07
12:47:21.550,260.300,0.05
12:47:21.610,260.360,0.06
12:47:21.673,260.423,0.06
12:47:21.727,260.477,0.07
12:47:21.803,260.553,0.05
12:47:21.913,260.663,0.06
12:47:21.970,260.720,0.06
12:47:22.029,260.779,0.06
12:47:22.089,260.839,0.06
12:47:22.153,260.903,0.06
12:47:22.212,260.962,0.06
12:47:22.274,261.024,0.06
12:47:22.397,261.147,0.06
12:47:22.460,261.210,0.05
12:47:22.525,261.275,0.06
12:47:22.596,261.346,0.06
12:47:22.660,261.410,0.06
12:47:22.726,261.476,0.07
12:47:22.790,261.540,0.07
12:47:22.858,261.609,0.06
12:47:22.922,261.672,0.05
12:47:22.989,261.739,0.06
12:47:23.057,261.807,0.06
12:47:23.120,261.870,0.06
12:47:23.191,261.941,0.06
12:47:23.256,262.006,0.06
12:47:23.325,262.075,0.06
12:47:23.398,262.148,0.06
12:47:23.467,262.217,0.06
12:47:23.525,262.275,0.06
12:47:23.591,262.341,0.06
12:47:23.653,262.403,0.05
12:47:23.724,262.474,0.06
12:47:23.797,262.547,0.05
12:47:23.866,262.616,0.06
12:47:23.931,262.681,0.05
12:47:23.996,262.746,0.07
12:47:24.062,262.812,0.07
12:47:24.118,262.868,0.06
12:47:24.175,262.925,0.06
12:47:24.229,262.979,0.06
12:47:24.288,263.038,0.06
12:47:24.341,263.091,0.06
12:47:24.400,263.150,0.06
12:47:24.456,263.206,0.06
12:47:24.511,263.261,0.05
12:47:24.574,263.324,0.06
12:47:24.633,263.383,0.06
12:47:24.696,263.446,0.06
12:47:24.762,263.512,0.06
12:47:24.821,263.571,0.05
12:47:24.879,263.629,0.06
12:47:24.937,263.687,0.06
12:47:24.997,263.747,0.05
12:47:25.054,263.804,0.06
12:47:25.119,263.869,0.06
12:47:25.182,263.932,0.06
12:47:25.243,263.993,0.06
12:47:25.316,264.066,0.05
12:47:25.376,264.126,0.05
12:47:25.436,264.186,0.05
12:47:25.514,264.264,0.06
12:47:25.583,264.333,0.06
12:47:25.655,264.405,0.05
12:47:25.715,264.465,0.06
12:47:25.771,264.521,0.06
12:47:25.832,264.582,0.07
12:47:25.904,264.654,0.06
12:47:25.965,264.715,0.05
12:47:26.034,264.784,0.06
12:47:26.093,264.843,0.06
12:47:26.153,264.903,0.06
12:47:26.207,264.957,0.06
12:47:26.272,265.022,0.05
12:47:26.326,265.076,0.06
12:47:26.388,265.138,0.06
12:47:26.442,265.192,0.06
12:47:26.499,265.249,0.05
12:47:26.554,265.304,0.06
12:47:26.617,265.367,0.07
12:47:26.673,265.423,0.06
12:47:26.736,265.486,0.06
12:47:26.794,265.544,0.06
12:47:26.859,265.609,0.05
12:47:26.920,265.670,0.05
12:47:26.984,265.734,0.05
12:47:27.041,265.791,0.07
12:47:27.107,265.857,0.06
12:47:27.170,265.920,0.06
12:47:27.233,265.983,0.06
12:47:27.287,266.037,0.06
12:47:27.350,266.100,0.06
12:47:27.411,266.161,0.06
12:47:27.476,266.226,0.06
12:47:27.536,266.286,0.06
12:47:27.603,266.353,0.06
12:47:27.670,266.420,0.06
12:47:27.732,266.482,0.06
12:47:27.799,266.549,0.06
12:47:27.869,266.619,0.06
12:47:27.941,266.691,0.07
12:47:28.005,266.755,0.06
12:47:28.076,266.826,0.06
12:47:28.153,266.903,0.05
12:47:28.221,266.971,0.06
12:47:28.285,267.035,0.06
12:47:28.347,267.097,0.06
12:47:28.416,267.166,0.06
12:47:28.475,267.225,0.05
12:47:28.544,267.294,0.05
12:47:28.603,267.353,0.06
12:47:28.666,267.416,0.06
12:47:28.728,267.478,0.07
12:47:28.792,267.542,0.06
12:47:28.858,267.608,0.06
12:47:28.923,267.674,0.06
12:47:28.993,267.743,0.05
12:47:29.059,267.809,0.06
12:47:29.128,267.878,0.06
12:47:29.191,267.941,0.06
12:47:29.254,268.004,0.05
12:47:29.319,268.069,0.06
12:47:29.384,268.134,0.06
12:47:29.451,268.201,0.06
12:47:29.513,268.263,0.05
12:47:29.581,268.331,0.07
12:47:29.646,268.396,0.06
12:47:29.713,268.463,0.05
12:47:29.780,268.530,0.06
12:47:29.850,268.600,0.06
12:47:29.917,268.667,0.05
12:47:29.983,268.733,0.06
12:47:30.052,268.802,0.05
12:47:30.118,268.868,0.06
12:47:30.192,268.942,0.06
12:47:30.259,269.009,0.06
12:47:30.328,269.078,0.06
12:47:30.399,269.149,0.05
12:47:30.464,269.214,0.06
12:47:30.527,269.277,0.06
12:47:30.587,269.337,0.06
12:47:30.662,269.412,0.05
12:47:30.730,269.480,0.05
12:47:30.798,269.548,0.07
12:47:30.869,269.619,0.06
12:47:30.932,269.682,0.06
12:47:30.996,269.746,0.05
12:47:31.058,269.808,0.06
12:47:31.126,269.876,0.06
12:47:31.190,269.940,0.06
12:47:31.256,270.006,0.05
12:47:31.318,270.068,0.07
12:47:31.383,270.133,0.06
12:47:31.448,270.198,0.06
12:47:31.511,270.261,0.06
12:47:31.580,270.330,0.06
12:47:31.647,270.397,0.07
12:47:31.718,270.468,0.06
12:47:31.785,270.535,0.06
12:47:31.855,270.605,0.07
12:47:31.929,270.679,0.06
12:47:32.011,270.761,0.06
12:47:32.075,270.825,0.06
12:47:32.138,270.888,0.05
12:47:32.204,270.954,0.06
12:47:32.275,271.025,0.06
12:47:32.341,271.091,0.07
12:47:32.420,271.170,0.06
12:47:32.503,271.253,0.06
12:47:32.572,271.322,0.06
12:47:32.640,271.390,0.06
12:47:32.709,271.459,0.07
12:47:32.783,271.533,0.04
12:47:32.846,271.596,0.04
12:47:32.911,271.661,0.05
12:47:32.973,271.723,-0.02
12:47:33.034,271.784,0.03
12:47:33.092,271.842,0.07
12:47:33.154,271.904,0.08
12:47:33.211,271.961,0.04
12:47:33.271,272.021,0.04
12:47:33.330,272.080,0.07
12:47:33.390,272.140,0.05
12:47:33.446,272.196,0.07
12:47:33.505,272.255,0.08
12:47:33.558,272.308,0.08
12:47:33.616,272.366,0.06
12:47:33.669,272.419,0.07
12:47:33.722,272.472,0.06
12:47:33.774,272.524,0.04
12:47:33.834,272.584,0.06
12:47:33.953,272.703,0.06
12:47:34.047,272.797,0.06
12:47:34.128,272.878,0.06
12:47:34.256,273.006,0.06
12:47:34.359,273.109,0.06
12:47:34.464,273.214,0.06
12:47:34.552,273.302,0.07
12:47:34.611,273.361,0.05
12:47:34.708,273.458,0.07
12:47:34.782,273.532,0.06
12:47:34.859,273.609,0.05
12:47:34.933,273.683,0.06
12:47:35.003,273.753,0.06
12:47:35.072,273.822,0.06
12:47:35.132,273.882,0.06
12:47:35.195,273.945,0.06
12:47:35.262,274.012,0.05
12:47:35.322,274.072,0.06
12:47:35.384,274.134,0.05
12:47:35.442,274.192,0.05
12:47:35.503,274.253,0.05
12:47:35.566,274.316,0.06
12:47:35.636,274.386,0.05
12:47:35.704,274.454,0.06
12:47:35.759,274.509,0.06
12:47:35.820,274.570,0.07
12:47:35.872,274.622,0.06
12:47:35.929,274.679,0.06
12:47:35.981,274.731,0.05
12:47:36.042,274.792,0.05
12:47:36.101,274.851,0.07
12:47:36.164,274.914,0.06
12:47:36.224,274.974,0.05
12:47:36.282,275.032,0.07
12:47:36.342,275.092,0.07
12:47:36.403,275.153,0.06
12:47:36.458,275.208,0.06
12:47:36.519,275.269,0.06
12:47:36.572,275.322,0.06
12:47:36.627,275.377,0.06
12:47:36.679,275.429,0.07
12:47:36.731,275.481,0.06
12:47:36.783,275.533,0.05
12:47:36.839,275.589,0.05
12:47:36.892,275.642,0.06
12:47:36.950,275.700,0.05
12:47:37.007,275.757,0.06
12:47:37.069,275.819,0.06
12:47:37.135,275.885,0.06
12:47:37.195,275.945,0.05
12:47:37.254,276.004,0.06
12:47:37.311,276.061,0.05
12:47:37.368,276.118,0.06
12:47:37.426,276.176,0.05
12:47:37.490,276.240,0.05
12:47:37.545,276.295,0.06
12:47:37.603,276.353,0.06
12:47:37.660,276.410,0.06
12:47:37.717,276.467,0.06
12:47:37.773,276.523,0.1
12:47:37.841,276.591,0.08
12:47:37.896,276.646,0.08
12:47:37.959,276.709,0.05
12:47:38.017,276.767,0.06
12:47:38.076,276.826,0.07
12:47:38.132,276.882,0.06
12:47:38.187,276.937,0.06
12:47:38.239,276.989,0.06
12:47:38.291,277.042,0.06
12:47:38.353,277.103,0.06
12:47:38.408,277.158,0.06
12:47:38.459,277.209,0.06
12:47:38.524,277.274,0.06
12:47:38.586,277.336,0.06
12:47:38.648,277.398,0.06
12:47:38.709,277.459,0.05
12:47:38.776,277.526,0.05
12:47:38.832,277.582,0.07
12:47:38.897,277.647,0.05
12:47:38.957,277.707,0.06
12:47:39.023,277.773,0.05
12:47:39.080,277.830,0.06
12:47:39.140,277.890,0.05
12:47:39.204,277.954,0.05
12:47:39.284,278.034,0.06
12:47:39.351,278.101,0.06
12:47:39.414,278.164,0.06
12:47:39.471,278.221,0.07
12:47:39.531,278.281,0.06
12:47:39.589,278.339,0.06
12:47:39.650,278.400,0.06
12:47:39.717,278.467,0.06
12:47:39.783,278.533,0.06
12:47:39.853,278.603,0.06
12:47:39.914,278.664,0.05
12:47:39.975,278.725,0.05
12:47:40.033,278.783,0.06
12:47:40.096,278.846,0.06
12:47:40.156,278.906,0.05
12:47:40.219,278.969,0.06
12:47:40.278,279.028,0.05
12:47:40.346,279.096,0.06
12:47:40.416,279.166,0.06
12:47:40.487,279.237,0.06
12:47:40.550,279.300,0.06
12:47:40.611,279.361,0.06
12:47:40.682,279.432,0.06
12:47:40.754,279.504,0.06
12:47:40.825,279.575,0.05
12:47:40.891,279.641,0.07
12:47:40.957,279.707,0.06
12:47:41.028,279.778,0.06
12:47:41.081,279.831,0.06
12:47:41.136,279.886,0.05
12:47:41.189,279.939,0.06
12:47:41.252,280.002,0.05
12:47:41.315,280.065,0.05
12:47:41.378,280.128,0.06
12:47:41.437,280.187,0.03
12:47:41.510,280.260,0.1
12:47:41.586,280.336,0.07
12:47:41.657,280.407,0.06
12:47:41.719,280.469,0.05
12:47:41.778,280.528,0.06
12:47:41.839,280.589,0.05
12:47:41.898,280.648,0.05
12:47:41.959,280.709,0.06
12:47:42.012,280.762,0.06
12:47:42.069,280.819,0.06
12:47:42.131,280.881,0.06
12:47:42.194,280.944,0.06
12:47:42.259,281.009,0.06
12:47:42.326,281.076,0.05
12:47:42.381,281.131,0.06
12:47:42.440,281.190,0.05
12:47:42.499,281.249,0.07
12:47:42.557,281.307,0.06
12:47:42.610,281.360,0.06
12:47:42.672,281.422,0.06
12:47:42.736,281.486,0.05
12:47:42.803,281.553,0.06
12:47:42.858,281.608,0.06
12:47:42.914,281.664,0.06
12:47:42.966,281.716,0.06
12:47:43.018,281.768,0.06
12:47:43.079,281.829,0.07
12:47:43.166,281.916,0.05
12:47:43.234,281.984,0.06
12:47:43.303,282.053,0.06
12:47:43.361,282.111,0.06
12:47:43.432,282.182,0.07
12:47:43.490,282.240,0.06
12:47:43.549,282.299,0.07
12:47:43.613,282.363,0.06
12:47:43.672,282.422,0.06
12:47:43.730,282.480,0.06
12:47:43.791,282.541,0.06
12:47:43.862,282.612,0.06
12:47:43.931,282.681,0.06
12:47:44.009,282.759,0.06
12:47:44.082,282.832,0.06
12:47:44.147,282.897,0.07
12:47:44.212,282.962,0.06
12:47:44.267,283.017,0.06
12:47:44.327,283.077,0.06
12:47:44.383,283.133,0.07
12:47:44.443,283.193,0.05
12:47:44.503,283.253,0.06
12:47:44.573,283.323,0.06
12:47:44.640,283.390,0.06
12:47:44.715,283.465,0.06
12:47:44.777,283.527,0.05
12:47:44.844,283.594,0.05
12:47:44.903,283.653,0.06
12:47:44.962,283.712,0.06
12:47:45.028,283.778,0.06
12:47:45.094,283.844,0.07
12:47:45.158,283.908,0.06
12:47:45.221,283.971,0.06
12:47:45.290,284.040,0.06
12:47:45.348,284.099,0.06
12:47:45.413,284.163,0.07
12:47:45.479,284.229,0.06
12:47:45.544,284.294,0.06
12:47:45.600,284.350,0.06
12:47:45.666,284.416,0.06
12:47:45.725,284.475,0.07
12:47:45.789,284.539,0.06
12:47:45.849,284.599,0.06
12:47:45.907,284.657,0.06
12:47:45.968,284.719,0.06
12:47:46.044,284.794,0.06
12:47:46.117,284.868,0.06
12:47:46.188,284.938,0.06
12:47:46.253,285.003,0.05
12:47:46.313,285.063,0.05
12:47:46.377,285.127,0.06
12:47:46.443,285.193,0.07
12:47:46.510,285.260,0.06
12:47:46.572,285.322,0.06
12:47:46.638,285.388,0.05
12:47:46.708,285.458,0.06
12:47:46.770,285.520,0.06
12:47:46.831,285.581,0.05
12:47:46.895,285.645,0.06
12:47:46.972,285.722,0.06
12:47:47.036,285.786,0.05
12:47:47.090,285.840,0.06
12:47:47.147,285.897,0.06
12:47:47.205,285.955,0.05
12:47:47.263,286.013,0.05
12:47:47.319,286.069,0.06
12:47:47.375,286.125,0.05
12:47:47.435,286.185,0.06
12:47:47.490,286.240,0.05
12:47:47.552,286.302,0.06
12:47:47.613,286.363,0.06
12:47:47.679,286.429,0.05
12:47:47.739,286.489,0.06
12:47:47.799,286.549,0.06
12:47:47.867,286.617,0.05
12:47:47.926,286.676,0.06
12:47:47.995,286.745,0.05
12:47:48.055,286.805,0.07
12:47:48.121,286.871,0.05
12:47:48.182,286.932,0.06
12:47:48.254,287.004,0.05
12:47:48.310,287.060,0.06
12:47:48.384,287.134,0.07
12:47:48.461,287.211,0.06
12:47:48.532,287.282,0.06
12:47:48.595,287.345,0.06
12:47:48.678,287.428,0.05
12:47:48.763,287.513,0.06
12:47:48.841,287.591,0.06
12:47:48.899,287.649,0.05
12:47:48.959,287.709,0.06
12:47:49.010,287.760,0.05
12:47:49.072,287.822,0.05
12:47:49.138,287.888,0.05
12:47:49.215,287.965,0.05
12:47:49.288,288.038,0.06
12:47:49.351,288.101,0.05
12:47:49.418,288.168,0.06
12:47:49.482,288.232,0.07
12:47:49.543,288.293,0.06
12:47:49.615,288.365,0.06
12:47:49.691,288.441,0.05
12:47:49.757,288.507,0.05
12:47:49.816,288.566,0.06
12:47:49.884,288.634,0.06
12:47:49.936,288.686,0.06
12:47:49.997,288.747,0.05
12:47:50.054,288.804,0.06
12:47:50.109,288.859,0.06
12:47:50.161,288.912,0.06
12:47:50.214,288.964,0.07
12:47:50.273,289.023,0.06
12:47:50.329,289.079,0.05
12:47:50.407,289.157,0.06
12:47:50.470,289.220,0.06
12:47:50.530,289.280,0.05
12:47:50.605,289.355,0.07
12:47:50.680,289.430,0.06
12:47:50.753,289.503,0.06
12:47:50.813,289.563,0.06
12:47:50.876,289.626,0.06
12:47:50.933,289.683,0.06
12:47:50.991,289.741,0.05
12:47:51.068,289.818,0.06
12:47:51.130,289.880,0.06
12:47:51.197,289.947,0.05
12:47:51.257,290.007,0.06
12:47:51.320,290.070,0.06
12:47:51.385,290.135,0.06
12:47:51.442,290.192,0.07
12:47:51.500,290.250,0.06
12:47:51.563,290.313,0.07
12:47:51.619,290.369,0.05
12:47:51.684,290.434,0.05
12:47:51.739,290.489,0.05
12:47:51.793,290.543,0.06
12:47:51.846,290.596,0.06
12:47:51.907,290.657,0.05
12:47:51.959,290.709,0.07
12:47:52.027,290.777,0.06
12:47:52.087,290.837,0.05
12:47:52.149,290.899,0.06
12:47:52.210,290.960,0.06
12:47:52.271,291.021,0.05
12:47:52.329,291.079,0.04
12:47:52.387,291.137,0.05
12:47:52.444,291.194,0.06
12:47:52.524,291.274,0.07
12:47:52.596,291.346,0.05
12:47:52.664,291.414,0.06
12:47:52.742,291.493,0.07
12:47:52.809,291.559,0.05
12:47:52.871,291.621,0.05
12:47:52.927,291.677,0.05
12:47:52.992,291.742,0.06
12:47:53.049,291.799,0.06
12:47:53.110,291.860,0.06
12:47:53.168,291.918,0.06
12:47:53.225,291.975,0.07
12:47:53.285,292.035,0.06
12:47:53.357,292.107,0.05
12:47:53.414,292.164,0.06
12:47:53.474,292.224,0.06
12:47:53.535,292.285,0.06
12:47:53.614,292.364,0.06
12:47:53.693,292.443,0.07
12:47:53.767,292.517,0.06
12:47:53.828,292.578,0.06
12:47:53.889,292.639,0.06
12:47:53.950,292.700,0.06
12:47:54.009,292.759,0.06
12:47:54.083,292.833,0.06
12:47:54.149,292.899,0.06
12:47:54.216,292.966,0.07
12:47:54.285,293.035,0.06
12:47:54.354,293.105,0.05
12:47:54.420,293.170,0.07
12:47:54.479,293.229,0.06
12:47:54.540,293.290,0.06
12:47:54.598,293.349,0.06
12:47:54.655,293.405,0.07
12:47:54.714,293.465,0.06
12:47:54.768,293.518,0.05
12:47:54.831,293.581,0.06
12:47:54.895,293.645,0.05
12:47:54.958,293.708,0.05
12:47:55.021,293.771,0.06
12:47:55.101,293.851,0.05
12:47:55.173,293.923,0.06
12:47:55.246,293.996,0.06
12:47:55.312,294.062,0.06
12:47:55.379,294.129,0.06
12:47:55.444,294.194,0.06
12:47:55.511,294.261,0.06
12:47:55.580,294.330,0.06
12:47:55.636,294.386,0.06
12:47:55.700,294.450,0.05
12:47:55.759,294.509,0.06
12:47:55.822,294.572,0.06
12:47:55.883,294.633,0.06
12:47:55.943,294.693,0.07
12:47:56.003,294.753,0.06
12:47:56.070,294.820,0.06
12:47:56.151,294.901,0.05
12:47:56.220,294.970,0.06
12:47:56.285,295.035,0.06
12:47:56.345,295.095,0.05
12:47:56.413,295.163,0.05
12:47:56.475,295.225,0.06
12:47:56.540,295.290,0.06
12:47:56.602,295.352,0.06
12:47:56.671,295.421,0.05
12:47:56.744,295.494,0.06
12:47:56.818,295.568,0.05
12:47:56.887,295.637,0.06
12:47:56.949,295.699,0.06
12:47:57.014,295.764,0.06
12:47:57.079,295.829,0.06
12:47:57.137,295.887,0.06
12:47:57.197,295.947,0.06
12:47:57.264,296.014,0.06
12:47:57.332,296.082,0.06
12:47:57.391,296.141,0.06
12:47:57.459,296.209,0.06
12:47:57.517,296.267,0.06
12:47:57.579,296.329,0.06
12:47:57.635,296.385,0.06
12:47:57.691,296.441,0.06
12:47:57.748,296.498,0.06
12:47:57.805,296.555,0.06
12:47:57.862,296.612,0.05
12:47:57.916,296.666,0.06
12:47:57.970,296.720,0.05
12:47:58.027,296.777,0.06
12:47:58.091,296.841,0.06
12:47:58.158,296.908,0.06
12:47:58.217,296.967,0.06
12:47:58.289,297.039,0.06
12:47:58.350,297.100,0.06
12:47:58.414,297.164,0.05
12:47:58.470,297.220,0.06
12:47:58.531,297.281,0.05
12:47:58.591,297.341,0.06
12:47:58.653,297.403,0.07
12:47:58.718,297.468,0.06
12:47:58.784,297.534,0.05
12:47:58.852,297.602,0.07
12:47:58.914,297.664,0.05
12:47:58.979,297.729,0.06
12:47:59.040,297.790,0.06
12:47:59.096,297.846,0.06
12:47:59.148,297.898,0.06
12:47:59.201,297.951,0.05
12:47:59.259,298.009,0.07
12:47:59.313,298.063,0.06
12:47:59.367,298.117,0.05
12:47:59.420,298.170,0.06
12:47:59.475,298.225,0.06
12:47:59.528,298.278,0.06
12:47:59.604,298.354,0.06
12:47:59.664,298.414,0.05
12:47:59.743,298.493,0.06
12:47:59.814,298.564,0.07
12:47:59.877,298.627,0.05
12:47:59.944,298.694,0.06
