timestamp,elapsed_s,z
12:35:20.867,1.698,0.04
12:35:20.916,1.747,0.05
12:35:20.994,1.825,0.1
12:35:21.055,1.886,0.05
12:35:21.112,1.943,0.04
12:35:21.170,2.001,0.07
12:35:21.224,2.055,0.04
12:35:21.276,2.107,0.06
12:35:21.334,2.165,0.07
12:35:21.390,2.222,0.04
12:35:21.447,2.278,0.09
12:35:21.508,2.339,0.05
12:35:21.563,2.394,0.05
12:35:21.614,2.445,0.06
12:35:21.667,2.498,0.07
12:35:21.729,2.560,0.07
12:35:21.790,2.621,0.09
12:35:21.847,2.678,0.05
12:35:21.904,2.735,0.05
12:35:21.960,2.791,0.08
12:35:22.012,2.843,0.06
12:35:22.066,2.897,0.04
12:35:22.122,2.953,0.09
12:35:22.174,3.005,0.04
12:35:22.228,3.059,0.07
12:35:22.286,3.117,0.07
12:35:22.342,3.173,0.03
12:35:22.401,3.232,0.04
12:35:22.460,3.291,0.07
12:35:22.517,3.349,0.07
12:35:22.573,3.404,0.05
12:35:22.630,3.461,0.06
12:35:22.686,3.517,0.06
12:35:22.744,3.575,0.05
12:35:22.801,3.632,0.06
12:35:22.860,3.691,0.06
12:35:22.915,3.746,0.06
12:35:22.979,3.810,0.04
12:35:23.038,3.869,0.07
12:35:23.091,3.923,0.07
12:35:23.148,3.979,0.06
12:35:23.199,4.030,0.04
12:35:23.251,4.082,0.07
12:35:23.308,4.139,0.05
12:35:23.364,4.195,0.06
12:35:23.421,4.252,0.05
12:35:23.483,4.314,0.08
12:35:23.535,4.366,0.06
12:35:23.591,4.422,0.06
12:35:23.649,4.480,0.06
12:35:23.714,4.545,0.07
12:35:23.771,4.602,0.05
12:35:23.829,4.660,0.07
12:35:23.886,4.717,0.06
12:35:23.942,4.773,0.05
12:35:24.000,4.831,0.06
12:35:24.058,4.889,0.07
12:35:24.116,4.947,0.07
12:35:24.175,5.006,0.05
12:35:24.230,5.062,0.07
12:35:24.289,5.120,0.06
12:35:24.346,5.178,0.06
12:35:24.405,5.236,0.05
12:35:24.462,5.293,0.05
12:35:24.526,5.357,0.06
12:35:24.584,5.415,0.06
12:35:24.640,5.472,0.06
12:35:24.698,5.529,0.06
12:35:24.755,5.586,0.06
12:35:24.811,5.642,0.06
12:35:24.863,5.694,0.07
12:35:24.915,5.746,0.06
12:35:24.973,5.804,0.05
12:35:25.031,5.862,0.06
12:35:25.088,5.919,0.07
12:35:25.154,5.985,0.06
12:35:25.211,6.042,0.06
12:35:25.267,6.098,0.06
12:35:25.334,6.165,0.06
12:35:25.386,6.217,0.07
12:35:25.439,6.270,0.06
12:35:25.496,6.327,0.06
12:35:25.552,6.384,0.06
12:35:25.609,6.440,0.06
12:35:25.667,6.498,0.06
12:35:25.729,6.560,0.06
12:35:25.790,6.622,0.05
12:35:25.847,6.678,0.06
12:35:25.905,6.736,0.06
12:35:25.962,6.793,0.06
12:35:26.018,6.849,0.06
12:35:26.073,6.904,0.05
12:35:26.130,6.961,0.06
12:35:26.187,7.018,0.06
12:35:26.244,7.075,0.06
12:35:26.300,7.131,0.06
12:35:26.357,7.188,0.06
12:35:26.414,7.245,0.06
12:35:26.471,7.302,0.05
12:35:26.528,7.359,-0.74
12:35:26.586,7.417,0.11
12:35:26.646,7.478,-0.46
12:35:26.708,7.539,-0.43
12:35:26.761,7.592,-0.12
12:35:26.818,7.649,-0.8
12:35:26.877,7.708,0.55
12:35:26.934,7.765,-0.56
12:35:26.993,7.824,-1.04
12:35:27.050,7.881,0.29
12:35:27.106,7.937,1.0
12:35:27.162,7.994,1.0
12:35:27.228,8.060,-0.55
12:35:27.287,8.118,1.0
12:35:27.346,8.177,1.0
12:35:27.402,8.233,0.1
12:35:27.467,8.298,1.0
12:35:27.520,8.351,1.0
12:35:27.576,8.407,-0.37
12:35:27.628,8.459,1.0
12:35:27.680,8.511,-1.26
12:35:27.737,8.568,-1.93
12:35:27.794,8.625,0.54
12:35:27.851,8.682,0.85
12:35:27.907,8.738,-0.46
12:35:27.962,8.793,0.22
12:35:28.020,8.851,-2.32
12:35:28.079,8.910,-1.94
12:35:28.135,8.966,-1.87
12:35:28.193,9.024,-1.69
12:35:28.251,9.082,1.0
12:35:28.304,9.136,0.95
12:35:28.357,9.188,-0.03
12:35:28.423,9.254,-1.91
12:35:28.480,9.312,-3.0
12:35:28.537,9.368,0.69
12:35:28.594,9.425,1.0
12:35:28.645,9.476,-0.91
12:35:28.698,9.529,-0.43
12:35:28.756,9.587,1.0
12:35:28.823,9.654,-0.64
12:35:28.881,9.712,-0.52
12:35:28.938,9.769,-0.64
12:35:28.996,9.827,-0.7
12:35:29.051,9.882,0.94
12:35:29.108,9.939,-0.03
12:35:29.165,9.997,0.45
12:35:29.222,10.053,-0.41
12:35:29.283,10.114,-0.32
12:35:29.335,10.166,0.48
12:35:29.392,10.223,0.08
12:35:29.449,10.280,0.13
12:35:29.500,10.331,0.13
12:35:29.553,10.384,-0.36
12:35:29.611,10.442,-0.04
12:35:29.667,10.498,0.97
12:35:29.726,10.557,-0.26
12:35:29.784,10.615,0.44
12:35:29.838,10.670,-0.85
12:35:29.896,10.727,1.0
12:35:29.952,10.783,1.0
12:35:30.011,10.842,0.94
12:35:30.065,10.896,1.0
12:35:30.123,10.954,0.97
12:35:30.182,11.013,0.01
12:35:30.239,11.071,0.83
12:35:30.300,11.131,0.78
12:35:30.353,11.184,0.98
12:35:30.406,11.237,1.0
12:35:30.466,11.297,0.74
12:35:30.530,11.361,1.0
12:35:30.582,11.413,-3.0
12:35:30.639,11.470,-0.32
12:35:30.696,11.527,0.76
12:35:30.752,11.583,0.11
12:35:30.809,11.640,-0.34
12:35:30.866,11.697,-0.0
12:35:30.922,11.753,0.36
12:35:30.979,11.810,-0.08
12:35:31.037,11.868,-0.23
12:35:31.095,11.926,0.15
12:35:31.147,11.978,0.28
12:35:31.199,12.030,-0.06
12:35:31.257,12.088,-0.07
12:35:31.317,12.148,0.12
12:35:31.374,12.205,0.13
12:35:31.431,12.262,0.0
12:35:31.488,12.319,0.03
12:35:31.546,12.378,0.1
12:35:31.613,12.444,0.06
12:35:31.671,12.502,0.02
12:35:31.727,12.558,0.07
12:35:31.784,12.615,0.09
12:35:31.836,12.667,0.05
12:35:31.888,12.719,0.04
12:35:31.944,12.775,0.07
12:35:32.003,12.834,0.07
12:35:32.058,12.889,0.04
12:35:32.115,12.946,0.05
12:35:32.172,13.003,0.06
12:35:32.229,13.060,0.05
12:35:32.285,13.117,0.06
12:35:32.342,13.173,0.06
12:35:32.399,13.230,0.07
12:35:32.456,13.287,0.06
12:35:32.513,13.344,0.06
12:35:32.570,13.401,0.05
12:35:32.635,13.466,0.06
12:35:32.694,13.526,0.06
12:35:32.751,13.582,0.07
12:35:32.809,13.640,0.06
12:35:32.867,13.698,0.06
12:35:32.935,13.766,0.06
12:35:32.991,13.822,0.06
12:35:33.054,13.885,0.05
12:35:33.106,13.938,0.06
12:35:33.155,13.986,0.01
12:35:33.214,14.045,0.72
12:35:33.267,14.099,0.31
12:35:33.324,14.155,1.0
12:35:33.381,14.212,-0.14
12:35:33.438,14.269,1.0
12:35:33.497,14.328,-0.6
12:35:33.550,14.381,-0.94
12:35:33.612,14.443,-0.13
12:35:33.668,14.499,-0.79
12:35:33.724,14.555,0.73
12:35:33.782,14.613,0.19
12:35:33.838,14.669,0.28
12:35:33.895,14.726,-0.53
12:35:33.951,14.782,0.3
12:35:34.008,14.839,0.35
12:35:34.062,14.893,0.24
12:35:34.115,14.946,-0.59
12:35:34.180,15.011,0.64
12:35:34.240,15.071,1.0
12:35:34.304,15.135,-1.56
12:35:34.357,15.188,-1.04
12:35:34.412,15.243,-2.33
12:35:34.470,15.301,0.68
12:35:34.527,15.358,0.15
12:35:34.585,15.416,0.54
12:35:34.642,15.473,0.41
12:35:34.700,15.531,-1.04
12:35:34.757,15.588,0.05
12:35:34.818,15.649,-0.35
12:35:34.871,15.702,0.29
12:35:34.927,15.759,0.97
12:35:34.994,15.825,0.01
12:35:35.053,15.884,-0.37
12:35:35.110,15.941,-0.07
12:35:35.167,15.998,0.09
12:35:35.225,16.056,-0.33
12:35:35.281,16.112,1.0
12:35:35.337,16.169,0.46
12:35:35.394,16.225,1.0
12:35:35.451,16.282,1.0
12:35:35.508,16.339,1.0
12:35:35.573,16.404,1.0
12:35:35.632,16.463,-0.0
12:35:35.689,16.520,0.17
12:35:35.744,16.576,0.29
12:35:35.802,16.633,-0.17
12:35:35.864,16.695,0.32
12:35:35.916,16.747,0.24
12:35:35.973,16.804,-0.52
12:35:36.028,16.859,-0.6
12:35:36.085,16.916,0.21
12:35:36.142,16.973,-3.0
12:35:36.198,17.029,0.1
12:35:36.264,17.095,-0.08
12:35:36.321,17.152,1.0
12:35:36.379,17.210,1.0
12:35:36.435,17.267,-2.7
12:35:36.493,17.324,-2.9
12:35:36.548,17.379,1.0
12:35:36.600,17.431,-1.87
12:35:36.661,17.492,-0.99
12:35:36.718,17.549,-0.63
12:35:36.775,17.606,-0.84
12:35:36.831,17.662,0.74
12:35:36.888,17.719,-0.1
12:35:36.946,17.777,-0.26
12:35:37.001,17.832,0.93
12:35:37.055,17.886,0.7
12:35:37.113,17.945,-0.06
12:35:37.173,18.004,0.15
12:35:37.231,18.062,-0.0
12:35:37.288,18.119,0.08
12:35:37.340,18.171,0.02
12:35:37.400,18.232,0.05
12:35:37.457,18.288,0.07
12:35:37.525,18.356,0.07
12:35:37.582,18.413,0.05
12:35:37.644,18.476,0.07
12:35:37.697,18.528,0.06
12:35:37.752,18.583,0.08
12:35:37.809,18.640,-2.7
12:35:37.867,18.698,-1.08
12:35:37.923,18.754,-0.28
12:35:37.979,18.810,0.37
12:35:38.036,18.867,0.29
12:35:38.094,18.925,-0.12
12:35:38.151,18.982,-0.34
12:35:38.208,19.039,-0.04
12:35:38.264,19.095,-0.42
12:35:38.321,19.152,-0.14
12:35:38.378,19.209,0.15
12:35:38.435,19.266,-3.0
12:35:38.491,19.322,-1.27
12:35:38.548,19.379,1.0
12:35:38.604,19.435,-1.31
12:35:38.662,19.493,0.41
12:35:38.719,19.550,1.0
12:35:38.775,19.606,1.0
12:35:38.833,19.665,-2.52
12:35:38.890,19.721,0.84
12:35:38.947,19.778,0.68
12:35:39.004,19.835,-0.33
12:35:39.063,19.894,-0.63
12:35:39.120,19.951,0.13
12:35:39.177,20.008,0.81
12:35:39.245,20.076,-0.14
12:35:39.310,20.141,0.31
12:35:39.363,20.194,-0.59
12:35:39.430,20.261,0.54
12:35:39.488,20.320,-0.24
12:35:39.544,20.375,1.0
12:35:39.601,20.432,1.0
12:35:39.658,20.489,-0.36
12:35:39.714,20.545,0.17
12:35:39.771,20.602,0.18
12:35:39.828,20.659,0.1
12:35:39.885,20.716,0.09
12:35:39.944,20.775,0.04
12:35:40.000,20.831,0.05
12:35:40.058,20.889,0.06
12:35:40.116,20.947,0.06
12:35:40.171,21.002,0.06
12:35:40.228,21.059,0.03
12:35:40.295,21.126,0.55
12:35:40.353,21.184,-0.34
12:35:40.410,21.241,0.11
12:35:40.467,21.298,0.9
12:35:40.524,21.355,0.78
12:35:40.582,21.413,0.31
12:35:40.645,21.477,-0.21
12:35:40.697,21.528,0.03
12:35:40.754,21.585,0.05
12:35:40.810,21.641,0.06
12:35:40.866,21.698,0.07
12:35:40.923,21.754,0.07
12:35:40.979,21.810,0.06
12:35:41.036,21.867,0.07
12:35:41.096,21.927,0.46
12:35:41.154,21.985,1.0
12:35:41.213,22.044,0.01
12:35:41.271,22.102,-1.21
12:35:41.328,22.160,0.48
12:35:41.380,22.211,0.07
12:35:41.433,22.264,0.11
12:35:41.489,22.320,0.06
12:35:41.546,22.378,0.05
12:35:41.598,22.429,0.06
12:35:41.651,22.482,0.06
12:35:41.707,22.538,0.05
12:35:41.764,22.595,0.07
12:35:41.820,22.651,0.06
12:35:41.885,22.716,0.06
12:35:41.947,22.778,0.54
12:35:42.003,22.834,0.34
12:35:42.059,22.890,1.0
12:35:42.117,22.948,-0.08
12:35:42.175,23.006,0.18
12:35:42.232,23.063,0.06
12:35:42.290,23.121,0.09
12:35:42.349,23.180,0.11
12:35:42.405,23.236,-0.11
12:35:42.462,23.293,0.06
12:35:42.515,23.346,0.03
12:35:42.567,23.398,0.28
12:35:42.627,23.458,-1.28
12:35:42.683,23.515,-1.36
12:35:42.740,23.571,1.0
12:35:42.797,23.628,1.0
12:35:42.853,23.684,-1.78
12:35:42.910,23.741,-3.0
12:35:42.967,23.798,1.0
12:35:43.024,23.855,-3.0
12:35:43.084,23.915,-1.5
12:35:43.140,23.971,-1.07
12:35:43.197,24.028,0.63
12:35:43.265,24.096,-0.28
12:35:43.323,24.154,0.32
12:35:43.383,24.214,0.35
12:35:43.440,24.271,0.63
12:35:43.498,24.330,0.12
12:35:43.552,24.383,0.36
12:35:43.612,24.443,0.66
12:35:43.671,24.502,-0.07
12:35:43.726,24.557,-0.0
12:35:43.794,24.625,0.1
12:35:43.847,24.678,0.08
12:35:43.900,24.731,0.04
12:35:43.956,24.787,0.04
12:35:44.012,24.844,0.06
12:35:44.068,24.899,0.04
12:35:44.125,24.956,0.05
12:35:44.181,25.012,0.08
12:35:44.237,25.069,0.06
12:35:44.301,25.132,0.08
12:35:44.353,25.185,-1.88
12:35:44.408,25.239,0.62
12:35:44.460,25.291,1.0
12:35:44.512,25.343,-2.24
12:35:44.567,25.398,-0.06
12:35:44.621,25.452,0.08
12:35:44.670,25.501,0.09
12:35:44.725,25.556,0.05
12:35:44.778,25.610,0.07
12:35:44.828,25.659,0.06
12:35:44.882,25.713,0.07
12:35:44.936,25.767,0.06
12:35:44.985,25.816,0.05
12:35:45.050,25.881,0.06
12:35:45.112,25.944,0.05
12:35:45.167,25.999,0.44
12:35:45.224,26.055,0.83
12:35:45.277,26.108,-1.52
12:35:45.338,26.169,-0.33
12:35:45.405,26.236,0.19
12:35:45.462,26.293,0.63
12:35:45.518,26.349,-0.69
12:35:45.577,26.408,-0.07
12:35:45.633,26.464,0.33
12:35:45.690,26.521,-0.22
12:35:45.747,26.578,-0.29
12:35:45.804,26.635,1.0
12:35:45.860,26.691,1.0
12:35:45.917,26.748,-1.27
12:35:45.974,26.805,0.91
12:35:46.031,26.862,-3.0
12:35:46.089,26.920,1.0
12:35:46.155,26.986,1.0
12:35:46.212,27.043,-1.91
12:35:46.259,27.090,1.0
12:35:46.317,27.148,-2.82
12:35:46.377,27.208,0.11
12:35:46.431,27.262,-1.02
12:35:46.491,27.322,-0.43
12:35:46.548,27.380,1.0
12:35:46.615,27.446,1.0
12:35:46.674,27.505,-1.57
12:35:46.732,27.563,1.0
12:35:46.789,27.620,1.0
12:35:46.847,27.678,-0.11
12:35:46.905,27.736,1.0
12:35:46.962,27.794,1.0
12:35:47.018,27.849,-0.14
12:35:47.079,27.910,0.5
12:35:47.140,27.971,1.0
12:35:47.196,28.028,0.7
12:35:47.253,28.084,0.19
12:35:47.310,28.142,0.26
12:35:47.367,28.198,0.02
12:35:47.424,28.256,0.06
12:35:47.481,28.312,0.05
12:35:47.537,28.368,-0.06
12:35:47.597,28.428,1.0
12:35:47.653,28.484,-0.11
12:35:47.712,28.543,-0.95
12:35:47.770,28.601,-2.62
12:35:47.828,28.659,1.0
12:35:47.895,28.726,1.0
12:35:47.954,28.785,-1.89
12:35:48.012,28.843,1.0
12:35:48.069,28.900,-1.01
12:35:48.126,28.957,-0.99
12:35:48.185,29.016,1.0
12:35:48.243,29.074,-2.98
12:35:48.301,29.132,1.0
12:35:48.358,29.189,-2.71
12:35:48.414,29.246,-1.42
12:35:48.471,29.302,-2.14
12:35:48.533,29.364,-0.57
12:35:48.594,29.425,1.0
12:35:48.651,29.482,-3.0
12:35:48.707,29.538,0.32
12:35:48.764,29.595,-1.77
12:35:48.818,29.649,-3.0
12:35:48.869,29.700,-0.96
12:35:48.926,29.757,-3.0
12:35:48.984,29.815,1.0
12:35:49.040,29.871,-1.78
12:35:49.097,29.929,-1.51
12:35:49.156,29.987,1.0
12:35:49.212,30.043,-0.43
12:35:49.269,30.100,0.0
12:35:49.328,30.159,0.29
12:35:49.384,30.216,-0.48
12:35:49.444,30.275,0.75
12:35:49.500,30.332,0.26
12:35:49.558,30.389,0.36
12:35:49.617,30.448,0.53
12:35:49.674,30.505,0.02
12:35:49.731,30.562,1.0
12:35:49.793,30.624,0.09
12:35:49.844,30.675,-0.08
12:35:49.901,30.732,0.04
12:35:49.957,30.788,0.06
12:35:50.013,30.844,0.06
12:35:50.069,30.900,0.09
12:35:50.127,30.958,0.04
12:35:50.184,31.015,-1.29
12:35:50.240,31.071,-2.84
12:35:50.297,31.128,1.0
12:35:50.353,31.184,1.0
12:35:50.410,31.241,-0.04
12:35:50.467,31.298,0.18
12:35:50.524,31.355,-0.73
12:35:50.583,31.414,-0.32
12:35:50.637,31.468,-0.57
12:35:50.696,31.527,-1.17
12:35:50.747,31.578,-0.36
12:35:50.804,31.635,0.82
12:35:50.859,31.690,0.22
12:35:50.914,31.746,1.0
12:35:50.972,31.803,-2.11
12:35:51.030,31.861,1.0
12:35:51.094,31.925,-3.0
12:35:51.147,31.978,-3.0
12:35:51.207,32.038,1.0
12:35:51.267,32.098,-1.24
12:35:51.324,32.155,0.89
12:35:51.380,32.212,1.0
12:35:51.437,32.268,-3.0
12:35:51.493,32.324,1.0
12:35:51.549,32.380,1.0
12:35:51.606,32.437,-1.52
12:35:51.664,32.495,-0.34
12:35:51.720,32.551,-0.46
12:35:51.776,32.607,-1.23
12:35:51.833,32.664,-3.0
12:35:51.890,32.721,0.62
12:35:51.947,32.778,1.0
12:35:52.003,32.834,0.94
12:35:52.055,32.887,0.17
12:35:52.108,32.939,1.0
12:35:52.165,32.997,1.0
12:35:52.222,33.053,-0.04
12:35:52.279,33.110,0.17
12:35:52.336,33.167,1.0
12:35:52.393,33.224,-0.04
12:35:52.450,33.281,0.34
12:35:52.507,33.338,0.21
12:35:52.566,33.397,-0.06
12:35:52.621,33.452,-0.48
12:35:52.670,33.501,-0.45
12:35:52.728,33.559,0.01
12:35:52.791,33.622,0.45
12:35:52.845,33.676,-3.0
12:35:52.902,33.733,1.0
12:35:52.966,33.798,-3.0
12:35:53.034,33.865,1.0
12:35:53.090,33.922,-0.09
12:35:53.147,33.978,-2.97
12:35:53.204,34.035,-0.28
12:35:53.261,34.092,-1.06
12:35:53.318,34.149,-1.9
12:35:53.374,34.205,1.0
12:35:53.431,34.262,0.89
12:35:53.487,34.318,0.36
12:35:53.544,34.376,-1.15
12:35:53.599,34.431,0.52
12:35:53.656,34.487,-2.14
12:35:53.708,34.539,-2.06
12:35:53.763,34.594,1.0
12:35:53.821,34.652,-1.81
12:35:53.878,34.709,1.0
12:35:53.934,34.765,-1.44
12:35:53.991,34.822,-0.28
12:35:54.056,34.887,-2.91
12:35:54.108,34.939,-1.07
12:35:54.164,34.995,1.0
12:35:54.226,35.057,1.0
12:35:54.279,35.110,1.0
12:35:54.346,35.177,1.0
12:35:54.403,35.234,-0.8
12:35:54.466,35.297,-1.31
12:35:54.518,35.349,-0.18
12:35:54.573,35.404,-1.13
12:35:54.630,35.461,1.0
12:35:54.687,35.518,0.14
12:35:54.744,35.575,0.59
12:35:54.801,35.632,0.92
12:35:54.857,35.688,1.0
12:35:54.914,35.745,-1.75
12:35:54.970,35.802,1.0
12:35:55.028,35.859,-1.16
12:35:55.086,35.918,1.0
12:35:55.146,35.977,1.0
12:35:55.202,36.033,1.0
12:35:55.259,36.090,-2.6
12:35:55.314,36.145,1.0
12:35:55.374,36.205,-0.93
12:35:55.431,36.262,-0.13
12:35:55.489,36.320,0.23
12:35:55.547,36.378,-1.66
12:35:55.605,36.436,0.32
12:35:55.664,36.495,1.0
12:35:55.716,36.547,1.0
12:35:55.768,36.599,0.77
12:35:55.835,36.666,1.0
12:35:55.902,36.733,1.0
12:35:55.960,36.791,-1.38
12:35:56.017,36.848,1.0
12:35:56.073,36.904,-2.81
12:35:56.131,36.962,-0.55
12:35:56.188,37.019,0.45
12:35:56.245,37.076,0.72
12:35:56.301,37.132,0.54
12:35:56.358,37.189,-1.48
12:35:56.415,37.246,-0.45
12:35:56.471,37.303,-0.71
12:35:56.529,37.360,1.0
12:35:56.593,37.424,1.0
12:35:56.654,37.485,-0.07
12:35:56.711,37.542,0.46
12:35:56.769,37.600,1.0
12:35:56.835,37.666,-0.36
12:35:56.905,37.736,-3.0
12:35:56.964,37.795,0.86
12:35:57.029,37.860,1.0
12:35:57.088,37.919,0.32
12:35:57.145,37.976,-1.57
12:35:57.203,38.034,-0.79
12:35:57.266,38.097,0.45
12:35:57.328,38.159,1.0
12:35:57.384,38.215,-1.36
12:35:57.437,38.268,-0.25
12:35:57.494,38.325,0.19
12:35:57.554,38.385,-1.46
12:35:57.611,38.442,0.3
12:35:57.672,38.503,1.0
12:35:57.734,38.565,1.0
12:35:57.791,38.622,1.0
12:35:57.847,38.678,1.0
12:35:57.909,38.740,-0.16
12:35:57.961,38.792,-1.67
12:35:58.018,38.849,1.0
12:35:58.076,38.907,0.12
12:35:58.133,38.964,-1.34
12:35:58.191,39.022,1.0
12:35:58.248,39.079,0.75
12:35:58.300,39.131,-1.18
12:35:58.352,39.183,0.13
12:35:58.408,39.239,1.0
12:35:58.474,39.306,1.0
12:35:58.533,39.364,-0.0
12:35:58.589,39.420,-0.32
12:35:58.646,39.477,1.0
12:35:58.702,39.533,0.15
12:35:58.759,39.590,0.19
12:35:58.817,39.648,1.0
12:35:58.875,39.706,-0.68
12:35:58.931,39.762,0.16
12:35:58.989,39.821,1.0
12:35:59.046,39.877,1.0
12:35:59.102,39.933,1.0
12:35:59.160,39.991,1.0
12:35:59.212,40.043,-0.59
12:35:59.263,40.094,1.0
12:35:59.320,40.151,1.0
12:35:59.377,40.208,0.06
12:35:59.434,40.265,1.0
12:35:59.488,40.319,0.03
12:35:59.540,40.371,-1.68
12:35:59.595,40.426,1.0
12:35:59.654,40.485,-0.81
12:35:59.712,40.543,-0.9
12:35:59.773,40.605,-2.2
12:35:59.833,40.664,1.0
12:35:59.891,40.722,0.64
12:35:59.948,40.779,-3.0
12:36:00.004,40.835,-0.01
12:36:00.069,40.900,1.0
12:36:00.121,40.952,1.0
12:36:00.186,41.017,1.0
12:36:00.245,41.076,0.73
12:36:00.302,41.133,-3.0
12:36:00.359,41.190,0.47
12:36:00.426,41.257,0.1
12:36:00.484,41.315,-1.75
12:36:00.539,41.370,0.91
12:36:00.602,41.433,0.81
12:36:00.662,41.493,-0.41
12:36:00.719,41.550,-2.18
12:36:00.776,41.607,1.0
12:36:00.833,41.664,-0.09
12:36:00.889,41.720,0.1
12:36:00.946,41.777,0.73
12:36:01.003,41.834,-0.25
12:36:01.053,41.884,-0.03
12:36:01.106,41.937,-1.26
12:36:01.158,41.989,1.0
12:36:01.214,42.045,1.0
12:36:01.270,42.101,1.0
12:36:01.326,42.157,1.0
12:36:01.384,42.215,0.22
12:36:01.440,42.271,0.13
12:36:01.497,42.329,-1.31
12:36:01.554,42.385,0.83
12:36:01.610,42.441,0.32
12:36:01.666,42.497,-1.3
12:36:01.723,42.554,1.0
12:36:01.786,42.617,0.52
12:36:01.839,42.670,1.0
12:36:01.895,42.726,0.25
12:36:01.952,42.783,-0.16
12:36:02.004,42.835,0.98
12:36:02.064,42.895,0.3
12:36:02.121,42.953,-1.72
12:36:02.178,43.009,0.57
12:36:02.234,43.066,-1.77
12:36:02.291,43.123,-0.36
12:36:02.344,43.175,-1.17
12:36:02.404,43.236,-0.53
12:36:02.461,43.292,0.12
12:36:02.519,43.350,1.0
12:36:02.575,43.406,1.0
12:36:02.633,43.464,0.43
12:36:02.691,43.522,1.0
12:36:02.757,43.588,1.0
12:36:02.823,43.654,-3.0
12:36:02.882,43.713,1.0
12:36:02.940,43.771,0.53
12:36:02.996,43.827,-3.0
12:36:03.053,43.884,-1.52
12:36:03.109,43.940,1.0
12:36:03.161,43.992,1.0
12:36:03.222,44.054,0.8
12:36:03.280,44.111,1.0
12:36:03.336,44.167,-0.75
12:36:03.388,44.220,-2.99
12:36:03.441,44.272,-0.73
12:36:03.496,44.327,-1.93
12:36:03.553,44.384,0.01
12:36:03.609,44.441,1.0
12:36:03.667,44.498,-1.02
12:36:03.723,44.554,-0.5
12:36:03.780,44.611,-0.06
12:36:03.837,44.668,0.75
12:36:03.894,44.725,1.0
12:36:03.950,44.781,1.0
12:36:04.008,44.839,-0.49
12:36:04.065,44.896,-0.17
12:36:04.116,44.947,0.26
12:36:04.170,45.001,-0.65
12:36:04.217,45.048,-0.26
12:36:04.283,45.115,-0.04
12:36:04.339,45.170,0.04
12:36:04.396,45.227,0.06
12:36:04.453,45.284,0.06
12:36:04.509,45.340,0.06
12:36:04.576,45.407,0.05
12:36:04.633,45.464,0.05
12:36:04.690,45.521,0.08
12:36:04.748,45.579,0.03
12:36:04.806,45.637,0.2
12:36:04.864,45.695,-0.31
12:36:04.921,45.752,0.18
12:36:04.986,45.817,0.08
12:36:05.044,45.875,0.07
12:36:05.100,45.931,0.04
12:36:05.157,45.988,0.07
12:36:05.214,46.045,0.07
12:36:05.267,46.098,-0.06
12:36:05.322,46.154,0.11
12:36:05.371,46.203,0.04
12:36:05.431,46.263,0.07
12:36:05.488,46.319,0.06
12:36:05.546,46.377,0.07
12:36:05.597,46.429,-0.12
12:36:05.652,46.483,-0.06
12:36:05.709,46.540,-0.39
12:36:05.767,46.598,0.31
12:36:05.825,46.656,-0.02
12:36:05.882,46.713,-0.02
12:36:05.939,46.770,0.01
12:36:05.997,46.828,0.04
12:36:06.054,46.885,0.06
12:36:06.110,46.941,0.05
12:36:06.169,47.000,0.04
12:36:06.225,47.056,-0.41
12:36:06.282,47.113,0.41
12:36:06.342,47.173,0.86
12:36:06.399,47.230,0.15
12:36:06.465,47.297,-2.74
12:36:06.520,47.351,-0.74
12:36:06.580,47.411,1.0
12:36:06.631,47.462,1.0
12:36:06.684,47.515,-2.58
12:36:06.740,47.571,-0.98
12:36:06.798,47.629,0.49
12:36:06.853,47.684,-1.85
12:36:06.910,47.741,0.5
12:36:06.967,47.799,0.52
12:36:07.024,47.855,0.48
12:36:07.076,47.907,-0.0
12:36:07.131,47.962,-0.15
12:36:07.188,48.019,-0.05
12:36:07.245,48.076,0.08
12:36:07.303,48.134,0.06
12:36:07.360,48.191,0.06
12:36:07.420,48.252,0.07
12:36:07.478,48.309,0.05
12:36:07.535,48.366,0.05
12:36:07.593,48.424,0.06
12:36:07.650,48.481,0.06
12:36:07.716,48.547,0.06
12:36:07.774,48.605,0.06
12:36:07.830,48.661,0.07
12:36:07.887,48.718,0.07
12:36:07.943,48.774,0.06
12:36:08.000,48.831,0.05
12:36:08.055,48.886,0.06
12:36:08.112,48.943,0.05
12:36:08.169,49.000,0.08
12:36:08.226,49.057,-0.71
12:36:08.283,49.114,-0.89
12:36:08.339,49.170,0.77
12:36:08.396,49.227,0.29
12:36:08.452,49.283,0.23
12:36:08.514,49.345,0.02
12:36:08.586,49.417,0.07
12:36:08.644,49.475,0.14
12:36:08.703,49.534,0.03
12:36:08.755,49.586,0.09
12:36:08.811,49.642,0.08
12:36:08.863,49.694,0.04
12:36:08.919,49.750,0.05
12:36:08.975,49.806,0.08
12:36:09.032,49.863,0.06
12:36:09.083,49.914,0.03
12:36:09.144,49.975,-0.06
12:36:09.196,50.027,-0.04
12:36:09.250,50.081,0.0
12:36:09.306,50.137,0.03
12:36:09.362,50.193,0.08
12:36:09.419,50.250,-0.13
12:36:09.475,50.306,0.11
12:36:09.540,50.371,0.85
12:36:09.598,50.429,-0.43
12:36:09.654,50.485,-0.2
12:36:09.711,50.542,-0.98
12:36:09.773,50.604,0.06
12:36:09.825,50.656,-0.29
12:36:09.880,50.711,0.12
12:36:09.938,50.769,-1.46
12:36:09.994,50.826,-0.55
12:36:10.051,50.882,-2.03
12:36:10.109,50.940,-0.18
12:36:10.166,50.997,-3.0
12:36:10.223,51.054,-0.68
12:36:10.282,51.113,-0.06
12:36:10.339,51.170,-2.75
12:36:10.407,51.238,-0.52
12:36:10.464,51.295,1.0
12:36:10.522,51.353,-0.47
12:36:10.579,51.410,0.48
12:36:10.636,51.467,-0.48
12:36:10.693,51.524,0.72
12:36:10.751,51.582,1.0
12:36:10.808,51.639,-1.53
12:36:10.867,51.698,-0.68
12:36:10.922,51.753,-0.47
12:36:10.971,51.802,-0.1
12:36:11.036,51.868,1.0
12:36:11.092,51.923,0.1
12:36:11.153,51.984,0.34
12:36:11.210,52.041,-0.59
12:36:11.267,52.098,-0.6
12:36:11.323,52.154,-0.12
12:36:11.380,52.211,-0.16
12:36:11.437,52.268,-0.05
12:36:11.493,52.324,0.15
12:36:11.551,52.382,0.29
12:36:11.608,52.440,0.13
12:36:11.666,52.497,0.29
12:36:11.719,52.550,0.07
12:36:11.780,52.611,0.24
12:36:11.836,52.667,0.27
12:36:11.893,52.724,-0.82
12:36:11.950,52.781,0.18
12:36:12.008,52.839,0.14
12:36:12.064,52.895,0.18
12:36:12.121,52.952,0.37
12:36:12.179,53.010,0.15
12:36:12.245,53.076,-0.04
12:36:12.303,53.134,0.08
12:36:12.361,53.192,-0.02
12:36:12.416,53.247,0.13
12:36:12.472,53.303,0.03
12:36:12.537,53.368,0.22
12:36:12.595,53.426,0.16
12:36:12.652,53.483,0.01
12:36:12.708,53.540,0.1
12:36:12.765,53.597,0.05
12:36:12.822,53.653,0.08
12:36:12.879,53.710,0.08
12:36:12.935,53.766,0.04
12:36:12.992,53.823,0.03
12:36:13.050,53.881,0.04
12:36:13.108,53.939,0.02
12:36:13.165,53.996,0.14
12:36:13.222,54.054,0.07
12:36:13.288,54.119,0.04
12:36:13.340,54.171,0.07
12:36:13.397,54.228,0.59
12:36:13.453,54.285,1.0
12:36:13.509,54.340,-1.15
12:36:13.571,54.402,-3.0
12:36:13.625,54.456,-2.3
12:36:13.681,54.512,0.02
12:36:13.737,54.568,-1.85
12:36:13.795,54.627,0.15
12:36:13.853,54.684,-0.51
12:36:13.909,54.740,0.95
12:36:13.970,54.801,0.26
12:36:14.025,54.856,-0.18
12:36:14.082,54.913,-0.03
12:36:14.139,54.970,-0.23
12:36:14.195,55.026,0.13
12:36:14.252,55.083,0.22
12:36:14.309,55.140,0.15
12:36:14.365,55.196,-0.49
12:36:14.422,55.253,-0.19
12:36:14.479,55.310,0.16
12:36:14.536,55.368,0.0
12:36:14.592,55.423,0.07
12:36:14.649,55.480,0.07
12:36:14.706,55.537,0.06
12:36:14.763,55.594,0.07
12:36:14.820,55.651,0.03
12:36:14.877,55.708,0.07
12:36:14.932,55.764,0.14
12:36:14.981,55.812,0.06
12:36:15.046,55.877,0.07
12:36:15.103,55.935,0.06
12:36:15.161,55.992,-0.46
12:36:15.218,56.049,1.0
12:36:15.275,56.106,-0.81
12:36:15.332,56.163,0.07
12:36:15.389,56.220,0.03
12:36:15.448,56.279,0.08
12:36:15.505,56.336,0.1
12:36:15.568,56.399,0.07
12:36:15.620,56.451,0.05
12:36:15.676,56.507,0.07
12:36:15.732,56.563,0.06
12:36:15.789,56.620,0.05
12:36:15.848,56.679,0.06
12:36:15.905,56.736,0.05
12:36:15.956,56.787,0.05
12:36:16.008,56.839,0.05
12:36:16.066,56.897,0.15
12:36:16.122,56.953,-0.07
12:36:16.180,57.011,-0.07
12:36:16.239,57.070,-0.08
12:36:16.296,57.127,0.05
12:36:16.354,57.185,-0.04
12:36:16.412,57.243,0.14
12:36:16.470,57.301,-0.39
12:36:16.529,57.360,-0.27
12:36:16.586,57.417,0.19
12:36:16.643,57.474,1.0
12:36:16.700,57.531,1.0
12:36:16.757,57.588,-2.33
12:36:16.821,57.652,-2.38
12:36:16.872,57.703,-2.49
12:36:16.929,57.760,-3.0
12:36:16.985,57.817,1.0
12:36:17.041,57.872,0.8
12:36:17.098,57.929,1.0
12:36:17.154,57.986,-1.67
12:36:17.211,58.042,0.08
12:36:17.268,58.099,-0.18
12:36:17.324,58.155,-0.72
12:36:17.381,58.212,1.0
12:36:17.438,58.269,1.0
12:36:17.495,58.326,1.0
12:36:17.552,58.384,-0.96
12:36:17.610,58.441,1.0
12:36:17.668,58.500,1.0
12:36:17.723,58.555,-1.06
12:36:17.781,58.612,0.75
12:36:17.846,58.677,-0.54
12:36:17.906,58.737,0.15
12:36:17.963,58.795,-0.41
12:36:18.017,58.848,-0.88
12:36:18.068,58.899,0.24
12:36:18.124,58.955,0.15
12:36:18.182,59.013,0.03
12:36:18.239,59.070,0.06
12:36:18.299,59.130,0.06
12:36:18.357,59.188,0.08
12:36:18.414,59.245,0.08
12:36:18.472,59.303,0.18
12:36:18.530,59.361,-0.99
12:36:18.585,59.417,-1.24
12:36:18.642,59.473,-1.57
12:36:18.699,59.530,0.47
12:36:18.756,59.587,0.29
12:36:18.812,59.644,0.08
12:36:18.871,59.703,0.04
12:36:18.928,59.759,0.07
12:36:18.980,59.811,0.06
12:36:19.032,59.863,0.06
12:36:19.091,59.922,0.06
12:36:19.157,59.988,0.07
12:36:19.212,60.044,0.08
12:36:19.272,60.103,0.06
12:36:19.330,60.161,0.06
12:36:19.386,60.217,0.04
12:36:19.444,60.275,0.04
12:36:19.502,60.333,0.06
12:36:19.559,60.390,0.08
12:36:19.618,60.449,0.07
12:36:19.677,60.508,0.05
12:36:19.733,60.564,0.06
12:36:19.791,60.622,0.06
12:36:19.849,60.680,0.06
12:36:19.907,60.738,0.05
12:36:19.966,60.797,0.05
12:36:20.023,60.854,0.06
12:36:20.083,60.914,0.06
12:36:20.145,60.976,-1.78
12:36:20.201,61.032,1.0
12:36:20.258,61.090,-3.0
12:36:20.315,61.146,-0.83
12:36:20.372,61.203,1.0
12:36:20.428,61.259,-2.08
12:36:20.485,61.317,1.0
12:36:20.542,61.374,-1.48
12:36:20.600,61.431,-0.05
12:36:20.658,61.489,-0.17
12:36:20.716,61.547,-0.26
12:36:20.774,61.606,1.0
12:36:20.831,61.662,0.13
12:36:20.889,61.721,0.24
12:36:20.946,61.777,0.02
12:36:21.005,61.836,0.71
12:36:21.062,61.893,0.31
12:36:21.117,61.948,0.02
12:36:21.175,62.006,0.22
12:36:21.232,62.063,0.05
12:36:21.289,62.120,0.15
12:36:21.357,62.188,-0.07
12:36:21.414,62.245,-0.41
12:36:21.472,62.303,-0.01
12:36:21.538,62.369,0.07
12:36:21.595,62.426,0.06
12:36:21.651,62.482,0.06
12:36:21.708,62.539,0.07
12:36:21.765,62.596,0.06
12:36:21.822,62.653,0.06
12:36:21.879,62.710,-0.02
12:36:21.935,62.766,-0.25
12:36:21.992,62.823,0.22
12:36:22.050,62.881,0.06
12:36:22.116,62.947,-0.71
12:36:22.174,63.006,-1.02
12:36:22.231,63.062,-0.24
12:36:22.289,63.120,0.15
12:36:22.344,63.175,-0.33
12:36:22.400,63.231,0.08
12:36:22.453,63.284,0.03
12:36:22.504,63.335,0.06
12:36:22.558,63.389,0.05
12:36:22.616,63.447,0.07
12:36:22.673,63.504,0.06
12:36:22.729,63.560,0.07
12:36:22.786,63.617,-0.0
12:36:22.842,63.674,-0.11
12:36:22.899,63.730,-0.06
12:36:22.956,63.787,-0.02
12:36:23.007,63.839,0.0
12:36:23.068,63.900,0.05
12:36:23.125,63.956,0.06
12:36:23.182,64.013,0.06
12:36:23.238,64.070,0.06
12:36:23.295,64.126,0.07
12:36:23.352,64.183,0.07
12:36:23.409,64.240,0.57
12:36:23.466,64.297,0.6
12:36:23.524,64.355,-1.74
12:36:23.576,64.408,0.45
12:36:23.638,64.470,0.7
12:36:23.695,64.526,-0.7
12:36:23.752,64.583,-0.26
12:36:23.810,64.641,0.17
12:36:23.866,64.697,1.0
12:36:23.925,64.756,1.0
12:36:23.984,64.815,-2.1
12:36:24.041,64.872,0.51
12:36:24.090,64.921,-0.81
12:36:24.144,64.976,0.13
12:36:24.200,65.031,0.41
12:36:24.257,65.088,-0.65
12:36:24.315,65.146,0.19
12:36:24.378,65.209,0.06
12:36:24.446,65.277,0.49
12:36:24.504,65.335,-0.72
12:36:24.562,65.393,-0.37
12:36:24.619,65.450,0.46
12:36:24.678,65.509,0.15
12:36:24.734,65.565,0.14
12:36:24.791,65.622,-0.53
12:36:24.848,65.679,-0.23
12:36:24.905,65.736,-0.23
12:36:24.961,65.792,-0.23
12:36:25.017,65.848,-0.02
12:36:25.075,65.906,0.06
12:36:25.131,65.962,0.07
12:36:25.188,66.020,0.06
12:36:25.245,66.076,0.05
12:36:25.305,66.136,0.05
12:36:25.362,66.193,-1.01
12:36:25.420,66.251,-0.33
12:36:25.477,66.308,0.24
12:36:25.534,66.365,-0.18
12:36:25.592,66.423,-0.15
12:36:25.649,66.480,-0.43
12:36:25.717,66.548,1.0
12:36:25.776,66.607,-0.1
12:36:25.832,66.663,0.03
12:36:25.887,66.719,0.06
12:36:25.945,66.776,0.05
12:36:26.001,66.832,0.06
12:36:26.064,66.895,0.05
12:36:26.125,66.956,0.07
12:36:26.181,67.012,0.07
12:36:26.238,67.069,0.06
12:36:26.294,67.126,0.06
12:36:26.351,67.183,0.06
12:36:26.413,67.244,0.06
12:36:26.464,67.296,0.06
12:36:26.521,67.352,0.06
12:36:26.579,67.410,0.06
12:36:26.636,67.467,0.07
12:36:26.692,67.523,0.06
12:36:26.749,67.580,0.07
12:36:26.813,67.644,0.06
12:36:26.869,67.701,0.06
12:36:26.928,67.759,-0.23
12:36:26.981,67.812,-0.82
12:36:27.032,67.863,-0.93
12:36:27.093,67.924,0.31
12:36:27.150,67.981,-0.72
12:36:27.206,68.037,1.0
12:36:27.263,68.094,0.32
12:36:27.319,68.150,1.0
12:36:27.376,68.207,0.24
12:36:27.432,68.264,-0.59
12:36:27.489,68.320,0.19
12:36:27.546,68.377,-0.51
12:36:27.602,68.433,-0.12
12:36:27.659,68.490,0.04
12:36:27.716,68.547,0.06
12:36:27.773,68.604,0.61
12:36:27.829,68.660,0.01
12:36:27.886,68.717,0.03
12:36:27.943,68.774,-0.02
12:36:28.000,68.831,0.61
12:36:28.058,68.889,0.48
12:36:28.115,68.946,-0.51
12:36:28.173,69.004,0.37
12:36:28.229,69.060,0.08
12:36:28.286,69.117,0.06
12:36:28.343,69.174,0.06
12:36:28.401,69.232,0.06
12:36:28.467,69.298,0.06
12:36:28.526,69.357,0.06
12:36:28.584,69.415,0.06
12:36:28.641,69.472,-0.2
12:36:28.708,69.539,-0.09
12:36:28.765,69.597,-0.36
12:36:28.822,69.653,0.14
12:36:28.888,69.719,-0.93
12:36:28.945,69.776,1.0
12:36:29.004,69.835,0.95
12:36:29.060,69.891,-0.81
12:36:29.121,69.952,-0.33
12:36:29.173,70.004,0.01
12:36:29.229,70.060,0.06
12:36:29.286,70.117,0.06
12:36:29.342,70.173,0.11
12:36:29.399,70.230,0.06
12:36:29.456,70.287,0.06
12:36:29.513,70.344,0.21
12:36:29.570,70.401,0.87
12:36:29.632,70.463,-0.04
12:36:29.685,70.516,-0.07
12:36:29.741,70.572,-0.1
12:36:29.797,70.628,0.07
12:36:29.861,70.692,0.07
12:36:29.913,70.744,0.06
12:36:29.971,70.802,0.07
12:36:30.027,70.858,0.0
12:36:30.083,70.914,-0.8
12:36:30.140,70.971,0.43
12:36:30.196,71.027,-0.35
12:36:30.254,71.085,-0.29
12:36:30.311,71.142,-0.64
12:36:30.370,71.201,-0.66
12:36:30.427,71.258,-1.31
12:36:30.483,71.314,1.0
12:36:30.538,71.369,1.0
12:36:30.593,71.424,-0.87
12:36:30.645,71.476,1.0
12:36:30.702,71.533,-0.62
12:36:30.758,71.589,-1.96
12:36:30.815,71.646,-0.95
12:36:30.872,71.703,-0.21
12:36:30.929,71.760,1.0
12:36:30.985,71.816,1.0
12:36:31.042,71.873,0.3
12:36:31.101,71.932,1.0
12:36:31.160,71.991,0.84
12:36:31.218,72.049,-1.11
12:36:31.275,72.106,-0.54
12:36:31.333,72.164,1.0
12:36:31.385,72.217,-0.49
12:36:31.446,72.277,-0.06
12:36:31.507,72.338,0.7
12:36:31.564,72.395,-0.21
12:36:31.620,72.451,-0.47
12:36:31.678,72.509,0.2
12:36:31.734,72.565,0.05
12:36:31.790,72.621,0.09
12:36:31.847,72.679,0.06
12:36:31.904,72.735,0.06
12:36:31.961,72.793,0.07
12:36:32.018,72.849,0.05
12:36:32.073,72.904,-0.49
12:36:32.130,72.961,-1.76
12:36:32.186,73.018,1.0
12:36:32.243,73.074,0.17
12:36:32.300,73.131,1.0
12:36:32.357,73.188,-0.15
12:36:32.413,73.244,0.04
12:36:32.470,73.301,0.26
12:36:32.528,73.359,0.53
12:36:32.586,73.417,0.04
12:36:32.642,73.473,0.06
12:36:32.701,73.532,0.05
12:36:32.756,73.587,0.06
12:36:32.814,73.645,0.05
12:36:32.872,73.703,0.05
12:36:32.938,73.769,0.05
12:36:32.995,73.826,0.06
12:36:33.052,73.883,0.06
12:36:33.118,73.949,0.05
12:36:33.176,74.007,0.06
12:36:33.234,74.065,0.06
12:36:33.291,74.122,0.06
12:36:33.348,74.179,0.06
12:36:33.411,74.242,0.06
12:36:33.462,74.294,0.06
12:36:33.519,74.350,0.06
12:36:33.575,74.406,0.06
12:36:33.632,74.463,-2.62
12:36:33.695,74.526,0.98
12:36:33.746,74.578,1.0
12:36:33.804,74.635,-0.78
12:36:33.860,74.691,-3.0
12:36:33.922,74.753,-0.15
12:36:33.973,74.805,-2.92
12:36:34.030,74.861,0.93
12:36:34.098,74.929,-1.4
12:36:34.156,74.987,0.49
12:36:34.212,75.043,0.52
12:36:34.270,75.101,0.91
12:36:34.326,75.157,0.15
12:36:34.384,75.215,-0.0
12:36:34.441,75.273,0.05
12:36:34.501,75.332,-0.11
12:36:34.556,75.387,0.44
12:36:34.613,75.444,0.39
12:36:34.668,75.499,-0.3
12:36:34.725,75.557,0.26
12:36:34.782,75.613,1.0
12:36:34.839,75.670,0.53
12:36:34.895,75.727,-0.37
12:36:34.952,75.784,0.11
12:36:35.010,75.841,0.02
12:36:35.068,75.899,0.04
12:36:35.125,75.956,0.06
12:36:35.181,76.012,0.05
12:36:35.237,76.068,0.05
12:36:35.294,76.125,0.06
12:36:35.351,76.182,1.0
12:36:35.410,76.241,1.0
12:36:35.467,76.298,-1.13
12:36:35.523,76.354,1.0
12:36:35.582,76.413,-0.45
12:36:35.638,76.469,0.24
12:36:35.696,76.527,-0.14
12:36:35.753,76.584,-0.27
12:36:35.810,76.642,0.11
12:36:35.868,76.699,0.23
12:36:35.924,76.755,-0.74
12:36:35.981,76.813,-0.12
12:36:36.038,76.869,0.26
12:36:36.096,76.927,-0.18
12:36:36.153,76.984,0.54
12:36:36.210,77.041,-0.53
12:36:36.269,77.100,0.17
12:36:36.326,77.157,-0.36
12:36:36.384,77.215,-0.85
12:36:36.442,77.273,0.01
12:36:36.501,77.332,-0.01
12:36:36.557,77.388,0.1
12:36:36.614,77.445,0.06
12:36:36.671,77.502,0.06
12:36:36.728,77.559,0.05
12:36:36.784,77.616,0.05
12:36:36.841,77.672,0.06
12:36:36.898,77.729,0.64
12:36:36.954,77.786,-1.64
12:36:37.011,77.842,0.44
12:36:37.069,77.900,1.0
12:36:37.127,77.958,0.93
12:36:37.184,78.015,-0.52
12:36:37.240,78.071,1.0
12:36:37.299,78.130,-1.28
12:36:37.358,78.189,1.0
12:36:37.414,78.245,-0.53
12:36:37.467,78.298,1.0
12:36:37.520,78.351,-1.42
12:36:37.585,78.416,-1.93
12:36:37.644,78.475,1.0
12:36:37.702,78.533,-0.62
12:36:37.760,78.591,-0.65
12:36:37.815,78.647,0.86
12:36:37.873,78.704,-0.93
12:36:37.931,78.762,0.01
12:36:37.983,78.814,1.0
12:36:38.038,78.869,0.6
12:36:38.098,78.929,-0.24
12:36:38.160,78.991,0.06
12:36:38.212,79.043,0.35
12:36:38.275,79.106,0.17
12:36:38.325,79.156,0.03
12:36:38.382,79.213,0.07
12:36:38.440,79.271,0.04
12:36:38.496,79.327,0.06
12:36:38.553,79.385,0.06
12:36:38.611,79.442,0.07
12:36:38.670,79.501,0.06
12:36:38.727,79.558,0.07
12:36:38.783,79.614,0.05
12:36:38.840,79.671,0.86
12:36:38.897,79.728,-0.14
12:36:38.951,79.782,0.42
12:36:39.011,79.842,-0.08
12:36:39.078,79.909,0.85
12:36:39.135,79.966,-0.11
12:36:39.192,80.023,0.22
12:36:39.258,80.089,0.12
12:36:39.316,80.147,0.07
12:36:39.373,80.205,0.05
12:36:39.431,80.262,0.05
12:36:39.488,80.320,0.06
12:36:39.545,80.376,0.06
12:36:39.601,80.432,0.05
12:36:39.658,80.489,0.06
12:36:39.715,80.546,0.06
12:36:39.771,80.602,0.06
12:36:39.833,80.664,0.07
12:36:39.885,80.717,0.06
12:36:39.938,80.769,0.06
12:36:39.997,80.828,0.06
12:36:40.056,80.887,0.06
12:36:40.113,80.944,0.07
12:36:40.170,81.001,0.07
12:36:40.228,81.059,0.07
12:36:40.286,81.117,0.06
12:36:40.342,81.173,0.05
12:36:40.407,81.239,0.47
12:36:40.463,81.294,-0.87
12:36:40.516,81.347,0.48
12:36:40.574,81.405,-0.59
12:36:40.630,81.461,-1.0
12:36:40.689,81.521,1.0
12:36:40.747,81.578,1.0
12:36:40.803,81.634,-0.51
12:36:40.862,81.693,1.0
12:36:40.919,81.750,0.23
12:36:40.981,81.812,0.18
12:36:41.035,81.866,-0.26
12:36:41.096,81.927,0.39
12:36:41.153,81.984,-0.13
12:36:41.210,82.041,0.06
12:36:41.267,82.098,0.05
12:36:41.323,82.154,0.12
12:36:41.380,82.211,0.08
12:36:41.437,82.268,0.07
12:36:41.494,82.325,0.05
12:36:41.551,82.382,0.05
12:36:41.609,82.441,0.05
12:36:41.666,82.497,0.06
12:36:41.723,82.554,0.06
12:36:41.780,82.611,0.06
12:36:41.847,82.678,0.06
12:36:41.906,82.737,0.05
12:36:41.964,82.795,0.05
12:36:42.022,82.853,0.06
12:36:42.080,82.912,0.06
12:36:42.137,82.969,0.05
12:36:42.196,83.027,0.07
12:36:42.253,83.084,0.07
12:36:42.311,83.142,0.07
12:36:42.368,83.199,0.31
12:36:42.421,83.252,-0.71
12:36:42.474,83.305,-0.39
12:36:42.537,83.368,0.22
12:36:42.597,83.428,0.21
12:36:42.653,83.485,0.11
12:36:42.710,83.541,0.06
12:36:42.770,83.601,0.06
12:36:42.826,83.657,0.07
12:36:42.894,83.725,0.06
12:36:42.950,83.781,0.06
12:36:43.006,83.837,0.06
12:36:43.064,83.895,0.07
12:36:43.121,83.952,0.06
12:36:43.179,84.010,0.06
12:36:43.235,84.067,0.06
12:36:43.292,84.123,0.06
12:36:43.351,84.182,0.06
12:36:43.410,84.241,0.06
12:36:43.466,84.297,0.07
12:36:43.520,84.351,0.07
12:36:43.588,84.419,0.06
12:36:43.646,84.477,0.69
12:36:43.704,84.535,-0.24
12:36:43.762,84.593,-0.82
12:36:43.821,84.652,0.45
12:36:43.878,84.709,0.46
12:36:43.931,84.762,-1.77
12:36:43.993,84.824,1.0
12:36:44.050,84.881,1.0
12:36:44.106,84.937,-0.1
12:36:44.163,84.994,0.29
12:36:44.219,85.050,0.96
12:36:44.277,85.108,1.0
12:36:44.333,85.164,-3.0
12:36:44.389,85.221,-0.61
12:36:44.446,85.277,0.45
12:36:44.503,85.335,-0.05
12:36:44.566,85.397,0.92
12:36:44.620,85.451,1.0
12:36:44.675,85.506,0.63
12:36:44.731,85.562,0.38
12:36:44.788,85.620,-0.08
12:36:44.845,85.676,-0.33
12:36:44.907,85.738,-0.05
12:36:44.978,85.809,1.0
12:36:45.036,85.867,0.84
12:36:45.092,85.923,-0.29
12:36:45.148,85.979,-0.04
12:36:45.207,86.038,-0.06
12:36:45.262,86.093,0.31
12:36:45.320,86.151,0.15
12:36:45.376,86.207,-0.2
12:36:45.432,86.263,-0.31
12:36:45.499,86.330,0.05
12:36:45.556,86.387,0.08
12:36:45.613,86.445,0.07
12:36:45.670,86.501,-0.28
12:36:45.726,86.558,-0.31
12:36:45.783,86.614,1.0
12:36:45.840,86.671,0.33
12:36:45.896,86.727,-0.42
12:36:45.953,86.784,-0.1
12:36:46.010,86.841,0.17
12:36:46.061,86.892,0.6
12:36:46.118,86.949,0.04
12:36:46.174,87.005,0.06
12:36:46.239,87.070,0.06
12:36:46.291,87.122,0.06
12:36:46.348,87.179,0.06
12:36:46.404,87.236,0.06
12:36:46.463,87.294,0.05
12:36:46.520,87.351,-0.12
12:36:46.577,87.408,-0.14
12:36:46.635,87.466,-0.08
12:36:46.692,87.523,-0.55
12:36:46.758,87.590,0.05
12:36:46.816,87.647,0.05
12:36:46.872,87.703,0.07
12:36:46.931,87.762,0.06
12:36:46.988,87.819,0.06
12:36:47.044,87.876,0.06
12:36:47.106,87.937,0.06
12:36:47.167,87.998,0.43
12:36:47.220,88.051,0.88
12:36:47.281,88.112,1.0
12:36:47.338,88.169,1.0
12:36:47.394,88.226,-1.1
12:36:47.451,88.282,0.31
12:36:47.508,88.339,1.0
12:36:47.566,88.397,1.0
12:36:47.624,88.455,-0.01
12:36:47.682,88.514,-1.39
12:36:47.741,88.572,0.57
12:36:47.798,88.629,1.0
12:36:47.856,88.687,-0.07
12:36:47.914,88.745,-0.11
12:36:47.972,88.803,0.24
12:36:48.029,88.861,-0.43
12:36:48.087,88.918,-0.94
12:36:48.145,88.976,0.1
12:36:48.202,89.033,-1.23
12:36:48.257,89.089,0.75
12:36:48.316,89.147,1.0
12:36:48.372,89.203,0.36
12:36:48.431,89.262,-0.01
12:36:48.489,89.320,0.37
12:36:48.544,89.375,-0.18
12:36:48.601,89.432,0.11
12:36:48.657,89.488,0.47
12:36:48.714,89.545,0.57
12:36:48.771,89.602,0.3
12:36:48.827,89.658,-0.4
12:36:48.884,89.715,-0.87
12:36:48.940,89.772,-0.33
12:36:48.997,89.828,0.39
12:36:49.055,89.886,-0.17
12:36:49.112,89.943,1.0
12:36:49.170,90.001,-0.63
12:36:49.227,90.058,1.0
12:36:49.285,90.116,1.0
12:36:49.343,90.174,-0.99
12:36:49.401,90.232,-0.63
12:36:49.464,90.296,-0.53
12:36:49.517,90.348,0.4
12:36:49.573,90.404,0.2
12:36:49.631,90.462,0.07
12:36:49.687,90.518,0.06
12:36:49.746,90.577,0.07
12:36:49.803,90.635,0.07
12:36:49.861,90.692,0.06
12:36:49.919,90.750,0.05
12:36:49.977,90.808,-0.19
12:36:50.033,90.864,-0.37
12:36:50.095,90.926,-0.3
12:36:50.152,90.983,-0.37
12:36:50.209,91.040,0.2
12:36:50.265,91.096,0.06
12:36:50.322,91.153,0.07
12:36:50.383,91.215,0.06
12:36:50.445,91.276,-0.1
12:36:50.502,91.333,1.0
12:36:50.559,91.390,-0.33
12:36:50.616,91.447,0.15
12:36:50.674,91.505,-0.71
12:36:50.732,91.563,-2.67
12:36:50.788,91.619,0.89
12:36:50.846,91.677,1.0
12:36:50.904,91.735,1.0
12:36:50.961,91.792,-1.2
12:36:51.012,91.844,-1.51
12:36:51.066,91.897,1.0
12:36:51.122,91.954,0.56
12:36:51.188,92.019,1.0
12:36:51.241,92.072,-0.63
12:36:51.291,92.123,1.0
12:36:51.348,92.179,-0.59
12:36:51.404,92.235,0.16
12:36:51.461,92.292,-0.06
12:36:51.517,92.348,-3.0
12:36:51.573,92.404,-1.24
12:36:51.630,92.461,-0.78
12:36:51.682,92.513,1.0
12:36:51.739,92.570,-0.01
12:36:51.800,92.631,-0.29
12:36:51.857,92.688,-3.0
12:36:51.913,92.744,-0.33
12:36:51.971,92.802,1.0
12:36:52.022,92.853,1.0
12:36:52.075,92.906,1.0
12:36:52.131,92.962,0.87
12:36:52.188,93.019,0.31
12:36:52.244,93.075,-0.7
12:36:52.300,93.132,0.61
12:36:52.357,93.188,0.54
12:36:52.413,93.244,0.05
12:36:52.471,93.302,-1.43
12:36:52.526,93.357,0.86
12:36:52.582,93.414,-0.89
12:36:52.641,93.472,0.01
12:36:52.696,93.527,-0.19
12:36:52.755,93.586,-0.05
12:36:52.813,93.645,-0.0
12:36:52.871,93.702,0.07
12:36:52.929,93.760,0.06
12:36:52.982,93.813,0.05
12:36:53.039,93.870,0.07
12:36:53.099,93.930,0.06
12:36:53.156,93.988,0.06
12:36:53.214,94.045,0.06
12:36:53.271,94.102,0.06
12:36:53.327,94.158,0.06
12:36:53.383,94.214,0.07
12:36:53.440,94.271,0.06
12:36:53.497,94.328,0.07
12:36:53.554,94.385,0.06
12:36:53.610,94.441,0.06
12:36:53.670,94.501,0.07
12:36:53.727,94.558,0.05
12:36:53.783,94.614,0.06
12:36:53.841,94.672,0.09
12:36:53.898,94.729,0.65
12:36:53.951,94.782,0.64
12:36:54.015,94.846,-0.41
12:36:54.067,94.898,-0.15
12:36:54.127,94.958,1.0
12:36:54.184,95.015,-0.33
12:36:54.242,95.073,-1.44
12:36:54.298,95.129,-0.89
12:36:54.357,95.188,-0.24
12:36:54.414,95.245,0.31
12:36:54.472,95.303,-0.62
12:36:54.528,95.359,-0.16
12:36:54.584,95.415,0.24
12:36:54.642,95.473,0.06
12:36:54.698,95.529,0.09
12:36:54.755,95.586,0.07
12:36:54.811,95.642,0.27
12:36:54.869,95.700,-1.18
12:36:54.925,95.756,-0.89
12:36:54.981,95.812,1.0
12:36:55.038,95.869,0.58
12:36:55.096,95.928,-0.02
12:36:55.143,95.974,0.16
12:36:55.212,96.043,0.36
12:36:55.266,96.097,-0.0
12:36:55.323,96.154,-0.22
12:36:55.380,96.211,0.01
12:36:55.438,96.269,0.01
12:36:55.496,96.327,0.08
12:36:55.553,96.385,0.06
12:36:55.612,96.443,0.07
12:36:55.671,96.502,0.07
12:36:55.728,96.560,0.07
12:36:55.786,96.617,0.06
12:36:55.844,96.675,1.0
12:36:55.902,96.733,0.42
12:36:55.957,96.788,0.56
12:36:56.014,96.845,1.0
12:36:56.070,96.901,1.0
12:36:56.127,96.958,0.07
12:36:56.183,97.014,0.07
12:36:56.245,97.076,0.09
12:36:56.297,97.128,0.06
12:36:56.354,97.185,0.04
12:36:56.411,97.242,0.07
12:36:56.469,97.300,0.06
12:36:56.525,97.356,0.08
12:36:56.583,97.415,0.06
12:36:56.645,97.476,0.06
12:36:56.698,97.529,0.06
12:36:56.756,97.587,0.05
12:36:56.814,97.645,0.06
12:36:56.870,97.701,0.06
12:36:56.928,97.760,0.05
12:36:56.989,97.820,0.06
12:36:57.047,97.878,0.07
12:36:57.104,97.935,-0.28
12:36:57.160,97.991,0.42
12:36:57.217,98.048,0.88
12:36:57.272,98.103,-0.32
12:36:57.328,98.159,1.0
12:36:57.385,98.216,-2.27
12:36:57.440,98.271,-0.28
12:36:57.509,98.340,-0.04
12:36:57.566,98.397,-1.55
12:36:57.623,98.454,-1.33
12:36:57.680,98.511,-2.13
12:36:57.736,98.567,0.0
12:36:57.793,98.624,-1.57
12:36:57.844,98.675,0.71
12:36:57.897,98.728,-0.06
12:36:57.953,98.784,1.0
12:36:58.010,98.841,-0.67
12:36:58.068,98.899,1.0
12:36:58.126,98.957,-1.0
12:36:58.183,99.014,0.94
12:36:58.240,99.071,-1.63
12:36:58.291,99.123,-3.0
12:36:58.353,99.184,1.0
12:36:58.412,99.243,0.02
12:36:58.469,99.300,1.0
12:36:58.524,99.355,1.0
12:36:58.581,99.412,0.89
12:36:58.645,99.476,-1.7
12:36:58.705,99.536,-1.43
12:36:58.762,99.593,0.86
12:36:58.820,99.651,0.73
12:36:58.879,99.710,0.46
12:36:58.937,99.768,0.53
12:36:58.994,99.825,1.0
12:36:59.046,99.877,-0.64
12:36:59.107,99.938,-0.91
12:36:59.164,99.995,-2.17
12:36:59.221,100.052,0.84
12:36:59.277,100.108,-0.55
12:36:59.334,100.165,0.67
12:36:59.391,100.222,0.98
12:36:59.447,100.279,-0.51
12:36:59.504,100.335,0.79
12:36:59.561,100.392,-0.4
12:36:59.618,100.450,0.03
12:36:59.676,100.508,-0.12
12:36:59.732,100.563,1.0
12:36:59.795,100.626,1.0
12:36:59.846,100.677,-0.3
12:36:59.902,100.733,0.95
12:36:59.958,100.789,0.19
12:37:00.015,100.847,0.0
12:37:00.072,100.903,0.25
12:37:00.129,100.960,1.0
12:37:00.181,101.012,1.0
12:37:00.233,101.064,-0.63
12:37:00.289,101.120,-0.4
12:37:00.346,101.177,0.94
12:37:00.403,101.234,0.57
12:37:00.463,101.294,0.6
12:37:00.528,101.359,-0.13
12:37:00.585,101.416,1.0
12:37:00.637,101.468,1.0
12:37:00.699,101.530,1.0
12:37:00.761,101.592,1.0
12:37:00.813,101.644,1.0
12:37:00.864,101.695,-0.01
12:37:00.915,101.746,0.49
12:37:00.972,101.803,-1.33
12:37:01.023,101.854,-0.94
12:37:01.077,101.908,-1.03
12:37:01.139,101.971,0.01
12:37:01.209,102.040,0.28
12:37:01.262,102.093,0.55
12:37:01.319,102.150,0.2
12:37:01.378,102.209,0.1
12:37:01.436,102.267,1.0
12:37:01.493,102.324,1.0
12:37:01.549,102.380,-1.44
12:37:01.606,102.438,0.39
12:37:01.663,102.494,1.0
12:37:01.720,102.551,-2.23
12:37:01.776,102.607,-2.71
12:37:01.836,102.667,-0.46
12:37:01.893,102.724,0.15
12:37:01.950,102.781,-0.94
12:37:02.008,102.840,-0.82
12:37:02.065,102.896,0.13
12:37:02.121,102.952,-0.06
12:37:02.179,103.010,0.14
12:37:02.231,103.062,0.07
12:37:02.282,103.113,0.77
12:37:02.338,103.169,1.0
12:37:02.395,103.226,-1.22
12:37:02.451,103.283,0.01
12:37:02.508,103.339,1.0
12:37:02.567,103.398,1.0
12:37:02.625,103.457,-0.23
12:37:02.681,103.512,1.0
12:37:02.737,103.568,-1.12
12:37:02.795,103.626,-0.07
12:37:02.849,103.681,-0.0
12:37:02.919,103.750,0.03
12:37:02.973,103.804,0.06
12:37:03.025,103.856,0.09
12:37:03.081,103.912,0.05
12:37:03.138,103.969,-0.02
12:37:03.196,104.027,1.0
12:37:03.254,104.085,1.0
12:37:03.312,104.143,-1.22
12:37:03.368,104.199,0.96
12:37:03.426,104.257,-2.55
12:37:03.482,104.314,1.0
12:37:03.540,104.371,-1.44
12:37:03.596,104.427,1.0
12:37:03.653,104.484,1.0
12:37:03.716,104.547,-2.63
12:37:03.776,104.607,-0.69
12:37:03.833,104.665,-3.0
12:37:03.891,104.722,-0.76
12:37:03.947,104.778,-0.7
12:37:04.004,104.835,-0.99
12:37:04.062,104.893,1.0
12:37:04.128,104.960,-1.53
12:37:04.186,105.017,-1.2
12:37:04.242,105.074,-2.15
12:37:04.300,105.131,0.05
12:37:04.360,105.192,1.0
12:37:04.417,105.248,-0.63
12:37:04.474,105.305,-0.19
12:37:04.531,105.362,-0.21
12:37:04.588,105.419,0.03
12:37:04.644,105.475,0.03
12:37:04.703,105.534,1.0
12:37:04.758,105.590,-0.03
12:37:04.816,105.647,-0.02
12:37:04.875,105.706,-0.17
12:37:04.932,105.763,1.0
12:37:04.988,105.820,-0.62
12:37:05.046,105.877,-2.17
12:37:05.103,105.934,-3.0
12:37:05.159,105.990,-0.13
12:37:05.216,106.047,1.0
12:37:05.270,106.101,-0.04
12:37:05.324,106.155,0.32
12:37:05.376,106.208,-0.24
12:37:05.433,106.264,0.1
12:37:05.495,106.326,0.06
12:37:05.548,106.379,0.06
12:37:05.606,106.437,0.06
12:37:05.663,106.494,0.06
12:37:05.722,106.553,0.08
12:37:05.781,106.612,-0.49
12:37:05.845,106.676,-0.77
12:37:05.906,106.737,-0.09
12:37:05.965,106.796,0.66
12:37:06.021,106.852,0.24
12:37:06.078,106.909,0.11
12:37:06.136,106.967,0.4
12:37:06.193,107.024,1.0
12:37:06.240,107.071,0.6
12:37:06.301,107.133,0.24
12:37:06.355,107.186,-0.0
12:37:06.411,107.242,0.02
12:37:06.470,107.301,0.04
12:37:06.532,107.363,0.08
12:37:06.591,107.423,0.09
12:37:06.644,107.475,0.06
12:37:06.696,107.527,0.05
12:37:06.752,107.583,0.08
12:37:06.808,107.640,0.06
12:37:06.866,107.697,-0.78
12:37:06.922,107.753,-0.52
12:37:06.979,107.810,-0.06
12:37:07.030,107.861,0.46
12:37:07.083,107.914,0.16
12:37:07.138,107.970,-0.02
12:37:07.195,108.026,0.0
12:37:07.246,108.077,0.08
12:37:07.302,108.133,-0.76
12:37:07.358,108.190,0.38
12:37:07.416,108.247,1.0
12:37:07.473,108.305,1.0
12:37:07.528,108.359,1.0
12:37:07.590,108.421,-3.0
12:37:07.643,108.474,-3.0
12:37:07.701,108.532,0.87
12:37:07.759,108.590,0.69
12:37:07.816,108.647,1.0
12:37:07.873,108.704,1.0
12:37:07.929,108.760,-1.54
12:37:07.986,108.817,-1.55
12:37:08.039,108.870,-0.23
12:37:08.099,108.930,-2.33
12:37:08.152,108.983,-0.53
12:37:08.214,109.045,1.0
12:37:08.271,109.102,1.0
12:37:08.324,109.155,-0.06
12:37:08.385,109.216,1.0
12:37:08.442,109.273,-3.0
12:37:08.500,109.331,-2.69
12:37:08.557,109.388,-3.0
12:37:08.615,109.446,-3.0
12:37:08.672,109.503,-3.0
12:37:08.729,109.560,1.0
12:37:08.786,109.617,-1.16
12:37:08.844,109.676,1.0
12:37:08.910,109.741,-1.29
12:37:08.967,109.798,1.0
12:37:09.024,109.855,0.17
12:37:09.082,109.913,-1.89
12:37:09.137,109.968,1.0
12:37:09.196,110.027,-0.09
12:37:09.253,110.084,0.43
12:37:09.308,110.139,-0.41
12:37:09.366,110.197,1.0
12:37:09.422,110.254,1.0
12:37:09.479,110.310,-0.14
12:37:09.534,110.365,0.06
12:37:09.591,110.422,0.05
12:37:09.648,110.479,0.06
12:37:09.704,110.536,0.06
12:37:09.756,110.587,0.06
12:37:09.808,110.639,0.05
12:37:09.864,110.695,0.06
12:37:09.920,110.751,0.06
12:37:09.978,110.809,0.06
12:37:10.030,110.861,0.06
12:37:10.081,110.912,1.0
12:37:10.139,110.970,1.0
12:37:10.194,111.025,0.58
12:37:10.252,111.083,-3.0
12:37:10.308,111.139,1.0
12:37:10.366,111.197,-0.02
12:37:10.424,111.255,1.0
12:37:10.482,111.313,1.0
12:37:10.540,111.371,-2.54
12:37:10.596,111.427,-0.72
12:37:10.654,111.485,0.01
12:37:10.710,111.541,-0.27
12:37:10.769,111.600,1.0
12:37:10.828,111.659,-0.09
12:37:10.884,111.715,0.66
12:37:10.944,111.775,-2.31
12:37:11.003,111.834,1.0
12:37:11.058,111.889,-1.69
12:37:11.115,111.946,-0.79
12:37:11.172,112.003,-0.08
12:37:11.229,112.060,0.1
12:37:11.286,112.117,0.12
12:37:11.343,112.174,0.08
12:37:11.399,112.230,0.05
12:37:11.456,112.287,0.03
12:37:11.512,112.343,0.06
12:37:11.570,112.401,0.9
12:37:11.628,112.459,-0.25
12:37:11.686,112.517,0.64
12:37:11.743,112.574,0.12
12:37:11.795,112.626,-1.37
12:37:11.850,112.681,1.0
12:37:11.906,112.737,0.55
12:37:11.962,112.793,-2.06
12:37:12.020,112.851,0.18
12:37:12.075,112.907,1.0
12:37:12.132,112.963,-0.76
12:37:12.190,113.021,-1.7
12:37:12.245,113.076,-0.1
12:37:12.302,113.133,0.18
12:37:12.358,113.189,0.93
12:37:12.414,113.245,-0.05
12:37:12.470,113.301,-1.28
12:37:12.525,113.356,1.0
12:37:12.586,113.417,-0.14
12:37:12.641,113.472,0.43
12:37:12.702,113.533,-0.38
12:37:12.759,113.590,-0.31
12:37:12.815,113.647,-0.32
12:37:12.872,113.703,-0.09
12:37:12.929,113.760,0.41
12:37:12.982,113.813,0.62
12:37:13.045,113.876,-0.08
12:37:13.098,113.929,0.22
12:37:13.150,113.981,0.21
12:37:13.207,114.038,0.07
12:37:13.263,114.094,-0.27
12:37:13.320,114.151,0.23
12:37:13.379,114.210,-0.13
12:37:13.435,114.266,0.1
12:37:13.492,114.323,0.09
12:37:13.559,114.390,-0.11
12:37:13.619,114.450,0.26
12:37:13.671,114.502,0.26
12:37:13.732,114.563,-0.06
12:37:13.789,114.620,0.14
12:37:13.846,114.677,0.38
12:37:13.903,114.734,0.23
12:37:13.961,114.792,-0.04
12:37:14.019,114.850,-0.01
12:37:14.075,114.906,0.15
12:37:14.132,114.963,0.15
12:37:14.189,115.020,0.09
12:37:14.245,115.076,0.08
12:37:14.302,115.133,0.06
12:37:14.359,115.190,0.04
12:37:14.416,115.247,0.08
12:37:14.472,115.303,0.08
12:37:14.529,115.360,0.06
12:37:14.587,115.418,0.01
12:37:14.645,115.476,0.18
12:37:14.702,115.533,0.03
12:37:14.758,115.590,-0.01
12:37:14.816,115.648,0.07
12:37:14.874,115.705,0.1
12:37:14.933,115.764,0.01
12:37:14.990,115.821,0.05
12:37:15.047,115.878,0.09
12:37:15.104,115.935,0.11
12:37:15.162,115.993,0.02
12:37:15.219,116.050,-0.02
12:37:15.275,116.106,0.14
12:37:15.332,116.163,-0.04
12:37:15.398,116.229,0.09
12:37:15.450,116.281,0.15
12:37:15.506,116.337,0.13
12:37:15.561,116.392,0.03
12:37:15.618,116.449,0.04
12:37:15.675,116.506,-0.02
12:37:15.732,116.563,0.13
12:37:15.788,116.619,0.08
12:37:15.847,116.678,0.01
12:37:15.903,116.734,-0.0
12:37:15.960,116.791,0.06
12:37:16.017,116.848,0.19
12:37:16.070,116.901,0.1
12:37:16.131,116.962,0.17
12:37:16.187,117.019,0.08
12:37:16.244,117.075,0.16
12:37:16.310,117.141,0.12
12:37:16.369,117.200,0.07
12:37:16.428,117.259,0.21
12:37:16.486,117.317,0.15
12:37:16.539,117.370,0.11
12:37:16.598,117.429,-0.08
12:37:16.659,117.490,0.2
12:37:16.717,117.548,0.12
12:37:16.773,117.604,-0.06
12:37:16.838,117.670,0.21
12:37:16.897,117.728,0.18
12:37:16.954,117.785,0.27
12:37:17.003,117.834,0.22
12:37:17.060,117.891,0.25
12:37:17.116,117.948,0.26
12:37:17.179,118.010,0.25
12:37:17.232,118.063,0.17
12:37:17.291,118.122,0.16
12:37:17.350,118.181,0.29
12:37:17.407,118.238,0.23
12:37:17.463,118.295,0.18
12:37:17.520,118.351,0.13
12:37:17.573,118.404,0.05
12:37:17.625,118.456,-0.02
12:37:17.682,118.513,-0.07
12:37:17.738,118.569,-0.19
12:37:17.794,118.625,0.1
12:37:17.851,118.682,0.11
12:37:17.908,118.739,-0.05
12:37:17.965,118.796,0.23
12:37:18.029,118.860,0.27
12:37:18.089,118.920,0.02
12:37:18.141,118.972,0.08
12:37:18.193,119.024,0.14
12:37:18.250,119.081,0.08
12:37:18.306,119.137,0.02
12:37:18.363,119.194,0.28
12:37:18.420,119.251,0.23
12:37:18.478,119.309,-0.04
12:37:18.541,119.372,-0.01
12:37:18.599,119.430,0.1
12:37:18.656,119.487,0.09
12:37:18.713,119.544,0.1
12:37:18.769,119.601,0.04
12:37:18.826,119.657,0.04
12:37:18.886,119.717,0.13
12:37:18.942,119.773,-0.02
12:37:18.994,119.825,0.18
12:37:19.047,119.879,0.19
12:37:19.103,119.934,0.02
12:37:19.160,119.991,0.05
12:37:19.216,120.047,0.1
12:37:19.273,120.104,0.17
12:37:19.329,120.160,0.11
12:37:19.386,120.217,0.12
12:37:19.443,120.274,0.18
12:37:19.509,120.340,0.03
12:37:19.567,120.398,-0.06
12:37:19.624,120.455,-0.02
12:37:19.680,120.511,-0.01
12:37:19.737,120.568,-0.02
12:37:19.794,120.625,0.23
12:37:19.850,120.681,0.15
12:37:19.906,120.737,0.02
12:37:19.963,120.794,0.14
12:37:20.019,120.850,0.06
12:37:20.124,120.956,0.06
12:37:20.181,121.012,0.06
12:37:20.238,121.069,0.05
12:37:20.295,121.126,0.05
12:37:20.356,121.187,0.04
12:37:20.408,121.239,0.05
12:37:20.515,121.346,0.05
12:37:20.574,121.405,0.06
12:37:20.627,121.458,0.06
12:37:20.681,121.513,0.07
12:37:20.736,121.567,0.06
12:37:20.792,121.623,0.06
12:37:20.849,121.680,0.07
12:37:20.906,121.737,0.07
12:37:20.962,121.793,0.05
12:37:21.019,121.850,0.06
12:37:21.075,121.906,0.06
12:37:21.134,121.965,0.06
12:37:21.190,122.021,0.06
12:37:21.247,122.078,0.06
12:37:21.305,122.136,0.05
12:37:21.362,122.193,0.05
12:37:21.418,122.249,0.04
12:37:21.476,122.307,0.05
12:37:21.541,122.372,0.07
12:37:21.650,122.481,0.06
12:37:21.705,122.536,0.06
12:37:21.763,122.594,0.07
12:37:21.819,122.650,0.06
12:37:21.876,122.707,0.06
12:37:21.933,122.764,0.07
12:37:21.989,122.820,0.07
12:37:22.047,122.878,0.05
12:37:22.104,122.935,0.06
12:37:22.161,122.992,0.06
12:37:22.227,123.058,0.06
12:37:22.287,123.118,0.06
12:37:22.345,123.176,0.06
12:37:22.403,123.234,0.05
12:37:22.462,123.293,0.05
12:37:22.517,123.348,0.04
12:37:22.578,123.410,0.05
12:37:22.634,123.466,0.07
12:37:22.689,123.521,0.07
12:37:22.740,123.572,0.07
12:37:22.792,123.623,0.06
12:37:22.849,123.680,0.06
12:37:22.906,123.737,0.06
12:37:22.957,123.788,0.06
12:37:23.018,123.849,0.06
12:37:23.073,123.904,0.07
12:37:23.130,123.961,-0.04
12:37:23.187,124.018,0.03
12:37:23.244,124.075,0.07
12:37:23.301,124.132,0.06
12:37:23.357,124.188,0.08
12:37:23.417,124.248,0.06
12:37:23.474,124.305,0.05
12:37:23.540,124.372,0.07
12:37:23.611,124.442,0.04
12:37:23.670,124.501,0.06
12:37:23.728,124.559,0.06
12:37:23.785,124.616,0.05
12:37:23.842,124.673,0.04
12:37:23.899,124.730,0.06
12:37:23.956,124.787,0.07
12:37:24.012,124.843,0.06
12:37:24.070,124.901,0.06
12:37:24.127,124.958,0.07
12:37:24.184,125.015,0.05
12:37:24.242,125.073,0.04
12:37:24.296,125.128,0.06
12:37:24.354,125.185,0.06
12:37:24.407,125.238,0.07
12:37:24.467,125.298,0.07
12:37:24.521,125.352,0.07
12:37:24.580,125.411,0.06
12:37:24.643,125.474,0.07
12:37:24.697,125.528,0.06
12:37:24.758,125.589,0.06
12:37:24.814,125.645,0.06
12:37:24.871,125.702,0.06
12:37:24.927,125.758,0.05
12:37:24.984,125.815,0.06
12:37:25.040,125.871,0.07
12:37:25.092,125.923,0.06
12:37:25.144,125.975,0.07
12:37:25.201,126.032,0.06
12:37:25.258,126.089,0.06
12:37:25.314,126.145,0.06
12:37:25.372,126.203,0.06
12:37:25.428,126.259,0.06
12:37:25.486,126.317,0.07
12:37:25.543,126.374,0.07
12:37:25.606,126.437,0.05
12:37:25.658,126.489,0.06
12:37:25.715,126.546,0.06
12:37:25.771,126.602,0.06
12:37:25.828,126.659,0.07
12:37:25.886,126.717,0.07
12:37:25.943,126.775,0.05
12:37:26.000,126.831,0.06
12:37:26.056,126.887,0.06
12:37:26.112,126.943,0.05
12:37:26.169,127.000,0.06
12:37:26.231,127.062,0.06
12:37:26.293,127.124,0.05
12:37:26.356,127.187,0.06
12:37:26.408,127.239,0.06
12:37:26.465,127.296,0.06
12:37:26.522,127.353,0.06
12:37:26.580,127.411,0.05
12:37:26.646,127.477,0.07
12:37:26.704,127.535,0.06
12:37:26.761,127.592,0.05
12:37:26.818,127.649,0.06
12:37:26.875,127.706,0.05
12:37:26.932,127.763,0.07
12:37:26.989,127.820,0.06
12:37:27.045,127.877,0.05
12:37:27.102,127.933,0.06
12:37:27.160,127.991,0.07
12:37:27.217,128.048,0.07
12:37:27.274,128.105,0.07
12:37:27.332,128.163,0.06
12:37:27.388,128.219,0.06
12:37:27.441,128.272,0.05
12:37:27.493,128.324,0.06
12:37:27.548,128.379,0.06
12:37:27.605,128.437,0.06
12:37:27.662,128.493,0.06
12:37:27.718,128.550,0.05
12:37:27.775,128.606,0.06
12:37:27.837,128.668,0.06
12:37:27.889,128.720,0.06
12:37:27.948,128.779,0.06
12:37:28.005,128.837,0.06
12:37:28.064,128.895,0.06
12:37:28.131,128.962,0.06
12:37:28.189,129.020,0.06
12:37:28.245,129.076,0.06
12:37:28.303,129.134,0.06
12:37:28.359,129.190,0.06
12:37:28.411,129.242,0.06
12:37:28.464,129.295,0.05
12:37:28.516,129.347,0.05
12:37:28.568,129.399,0.06
12:37:28.625,129.456,0.07
12:37:28.682,129.513,0.06
12:37:28.740,129.571,0.06
12:37:28.797,129.628,0.06
12:37:28.854,129.685,0.05
12:37:28.907,129.738,0.06
12:37:28.968,129.799,0.06
12:37:29.023,129.855,0.06
12:37:29.079,129.910,0.06
12:37:29.135,129.966,0.06
12:37:29.192,130.023,0.05
12:37:29.249,130.080,0.07
12:37:29.303,130.134,0.05
12:37:29.364,130.195,0.06
12:37:29.416,130.247,0.07
12:37:29.469,130.300,0.07
12:37:29.525,130.356,0.05
12:37:29.584,130.415,0.05
12:37:29.643,130.474,0.05
12:37:29.708,130.539,0.06
12:37:29.772,130.603,0.06
12:37:29.824,130.655,0.06
12:37:29.880,130.711,0.06
12:37:29.938,130.770,0.05
12:37:29.995,130.826,0.06
12:37:30.053,130.884,0.06
12:37:30.115,130.946,0.06
12:37:30.168,131.000,0.05
12:37:30.224,131.055,0.06
12:37:30.280,131.111,0.07
12:37:30.338,131.169,0.06
12:37:30.394,131.225,0.06
12:37:30.461,131.292,0.06
12:37:30.521,131.352,0.06
12:37:30.577,131.408,0.06
12:37:30.633,131.465,0.06
12:37:30.691,131.522,0.06
12:37:30.747,131.578,0.06
12:37:30.804,131.635,0.06
12:37:30.866,131.697,0.06
12:37:30.927,131.758,0.06
12:37:30.984,131.815,0.06
12:37:31.041,131.872,0.06
12:37:31.099,131.931,0.05
12:37:31.159,131.990,0.06
12:37:31.215,132.046,0.07
12:37:31.273,132.105,0.05
12:37:31.331,132.162,0.05
12:37:31.387,132.218,0.07
12:37:31.446,132.277,0.06
12:37:31.504,132.335,0.06
12:37:31.560,132.391,0.06
12:37:31.626,132.457,0.06
12:37:31.685,132.516,0.06
12:37:31.742,132.573,0.07
12:37:31.799,132.630,0.06
12:37:31.856,132.687,0.06
12:37:31.914,132.746,0.06
12:37:31.971,132.802,0.07
12:37:32.039,132.870,0.07
12:37:32.095,132.926,0.08
12:37:32.153,132.984,0.06
12:37:32.209,133.040,0.07
12:37:32.265,133.097,0.05
12:37:32.322,133.153,0.06
12:37:32.379,133.210,0.05
12:37:32.438,133.270,0.06
12:37:32.495,133.326,0.06
12:37:32.552,133.384,0.07
12:37:32.618,133.449,0.06
12:37:32.670,133.501,0.06
12:37:32.726,133.557,0.06
12:37:32.782,133.614,0.05
12:37:32.839,133.670,0.06
12:37:32.896,133.727,0.06
12:37:32.954,133.785,0.06
12:37:33.010,133.841,0.06
12:37:33.067,133.898,0.05
12:37:33.123,133.954,0.06
12:37:33.179,134.010,0.06
12:37:33.237,134.068,0.05
12:37:33.292,134.123,0.05
12:37:33.344,134.175,0.05
12:37:33.400,134.231,0.06
12:37:33.456,134.287,0.06
12:37:33.513,134.344,0.07
12:37:33.569,134.400,0.07
12:37:33.625,134.456,0.07
12:37:33.683,134.514,0.06
12:37:33.739,134.570,0.05
12:37:33.797,134.628,0.06
12:37:33.853,134.684,0.07
12:37:33.913,134.744,0.08
12:37:33.970,134.801,0.07
12:37:34.022,134.853,0.07
12:37:34.085,134.916,0.06
12:37:34.142,134.973,0.06
12:37:34.195,135.027,0.06
12:37:34.256,135.087,0.06
12:37:34.310,135.141,0.07
12:37:34.367,135.198,0.06
12:37:34.423,135.255,0.06
12:37:34.481,135.313,0.07
12:37:34.538,135.370,0.07
12:37:34.601,135.432,0.06
12:37:34.653,135.484,0.05
12:37:34.702,135.533,0.05
12:37:34.757,135.588,0.05
12:37:34.814,135.646,0.06
12:37:34.870,135.701,0.05
12:37:34.930,135.761,0.06
12:37:34.987,135.818,0.07
12:37:35.044,135.875,0.06
12:37:35.101,135.932,0.07
12:37:35.157,135.988,0.06
12:37:35.214,136.045,0.05
12:37:35.271,136.103,0.06
12:37:35.328,136.159,0.07
12:37:35.384,136.215,0.06
12:37:35.441,136.272,0.06
12:37:35.497,136.328,0.05
12:37:35.555,136.386,0.06
12:37:35.613,136.444,0.06
12:37:35.671,136.502,0.05
12:37:35.728,136.559,0.06
12:37:35.785,136.616,0.06
12:37:35.843,136.674,0.06
12:37:35.900,136.731,0.06
12:37:35.958,136.789,0.06
12:37:36.015,136.846,0.05
12:37:36.071,136.902,0.06
12:37:36.129,136.960,0.05
12:37:36.186,137.017,0.06
12:37:36.243,137.074,0.07
12:37:36.310,137.141,0.07
12:37:36.378,137.209,0.08
12:37:36.436,137.267,0.07
12:37:36.495,137.326,0.07
12:37:36.551,137.382,0.06
12:37:36.608,137.439,0.07
12:37:36.664,137.496,0.06
12:37:36.721,137.552,0.07
12:37:36.778,137.609,0.06
12:37:36.830,137.661,0.06
12:37:36.882,137.713,0.05
12:37:36.938,137.769,0.06
12:37:36.995,137.826,0.06
12:37:37.051,137.883,0.06
12:37:37.112,137.943,0.06
12:37:37.169,138.000,0.06
12:37:37.224,138.055,0.07
12:37:37.280,138.111,0.05
12:37:37.338,138.169,0.06
12:37:37.394,138.226,0.06
12:37:37.452,138.284,0.06
12:37:37.507,138.338,0.06
12:37:37.564,138.395,0.05
12:37:37.629,138.461,0.06
12:37:37.687,138.518,0.06
12:37:37.744,138.575,0.06
12:37:37.811,138.642,0.06
12:37:37.868,138.699,0.05
12:37:37.925,138.756,0.05
12:37:37.991,138.823,0.07
12:37:38.047,138.878,0.05
12:37:38.104,138.935,0.05
12:37:38.160,138.991,0.05
12:37:38.217,139.048,0.06
12:37:38.275,139.106,0.07
12:37:38.327,139.158,0.06
12:37:38.378,139.209,0.05
12:37:38.435,139.266,0.06
12:37:38.491,139.323,0.06
12:37:38.549,139.380,0.06
12:37:38.607,139.438,0.06
12:37:38.662,139.494,0.07
12:37:38.731,139.563,0.07
12:37:38.790,139.621,0.07
12:37:38.846,139.677,0.06
12:37:38.902,139.733,0.06
12:37:38.961,139.792,0.06
12:37:39.016,139.847,0.06
12:37:39.071,139.903,0.06
12:37:39.129,139.960,0.07
12:37:39.186,140.017,0.06
12:37:39.245,140.076,0.05
12:37:39.302,140.133,0.05
12:37:39.360,140.191,0.06
12:37:39.417,140.248,0.06
12:37:39.475,140.306,0.06
12:37:39.532,140.363,0.05
12:37:39.587,140.418,0.06
12:37:39.645,140.476,0.06
12:37:39.702,140.533,0.07
12:37:39.758,140.589,0.06
12:37:39.815,140.646,0.07
12:37:39.872,140.703,0.07
12:37:39.928,140.759,0.06
12:37:39.985,140.816,0.06
12:37:40.042,140.873,0.06
12:37:40.098,140.929,0.06
12:37:40.159,140.990,0.07
12:37:40.214,141.045,0.06
12:37:40.272,141.103,0.06
12:37:40.331,141.162,0.06
12:37:40.388,141.219,0.05
12:37:40.446,141.277,0.07
12:37:40.512,141.343,0.06
12:37:40.569,141.400,0.06
12:37:40.626,141.457,0.06
12:37:40.683,141.515,0.06
12:37:40.740,141.571,0.06
12:37:40.797,141.628,0.06
12:37:40.855,141.686,0.06
12:37:40.912,141.743,0.05
12:37:40.967,141.798,0.06
12:37:41.032,141.863,0.07
12:37:41.089,141.920,0.07
12:37:41.146,141.977,0.07
12:37:41.203,142.034,0.06
12:37:41.260,142.091,0.05
12:37:41.317,142.148,0.05
12:37:41.378,142.209,0.06
12:37:41.432,142.263,0.06
12:37:41.491,142.322,0.07
12:37:41.548,142.379,0.05
12:37:41.602,142.433,0.06
12:37:41.654,142.485,0.06
12:37:41.709,142.540,0.06
12:37:41.770,142.601,0.05
12:37:41.827,142.658,0.06
12:37:41.884,142.715,0.05
12:37:41.941,142.772,0.05
12:37:41.997,142.828,0.07
12:37:42.054,142.885,0.06
12:37:42.111,142.942,0.06
12:37:42.168,142.999,0.07
12:37:42.225,143.056,0.06
12:37:42.281,143.112,0.06
12:37:42.339,143.170,0.06
12:37:42.394,143.226,0.05
12:37:42.451,143.282,0.05
12:37:42.508,143.339,0.05
12:37:42.564,143.395,0.05
12:37:42.621,143.452,0.07
12:37:42.678,143.509,0.06
12:37:42.735,143.566,0.07
12:37:42.792,143.623,0.06
12:37:42.848,143.679,0.07
12:37:42.904,143.735,0.05
12:37:42.961,143.792,0.06
12:37:43.018,143.849,0.05
12:37:43.074,143.905,0.06
12:37:43.125,143.956,0.06
12:37:43.191,144.022,0.06
12:37:43.248,144.079,0.06
12:37:43.305,144.137,0.06
12:37:43.362,144.193,0.06
12:37:43.422,144.253,0.07
12:37:43.479,144.310,0.07
12:37:43.537,144.368,0.06
12:37:43.601,144.432,0.06
12:37:43.663,144.494,0.06
12:37:43.720,144.551,0.06
12:37:43.777,144.608,0.05
12:37:43.834,144.665,0.06
12:37:43.901,144.732,0.07
12:37:43.959,144.790,0.07
12:37:44.015,144.846,0.05
12:37:44.071,144.902,0.06
12:37:44.127,144.959,0.06
12:37:44.184,145.015,0.06
12:37:44.241,145.072,0.04
12:37:44.298,145.129,0.06
12:37:44.360,145.191,0.06
12:37:44.422,145.253,0.06
12:37:44.478,145.309,0.07
12:37:44.536,145.367,0.06
12:37:44.594,145.425,0.06
12:37:44.652,145.483,0.07
12:37:44.706,145.537,0.05
12:37:44.762,145.593,0.06
12:37:44.820,145.651,0.06
12:37:44.878,145.709,0.06
12:37:44.934,145.765,0.06
12:37:44.991,145.822,0.07
12:37:45.048,145.879,0.06
12:37:45.106,145.937,0.06
12:37:45.163,145.995,0.05
12:37:45.221,146.052,0.06
12:37:45.277,146.108,0.05
12:37:45.333,146.165,0.06
12:37:45.393,146.224,0.05
12:37:45.449,146.280,0.06
12:37:45.505,146.337,0.07
12:37:45.569,146.400,0.06
12:37:45.622,146.453,0.05
12:37:45.678,146.509,0.06
12:37:45.735,146.566,0.06
12:37:45.792,146.623,0.06
12:37:45.853,146.684,0.07
12:37:45.914,146.746,0.07
12:37:45.972,146.803,0.06
12:37:46.034,146.865,0.05
12:37:46.088,146.919,0.06
12:37:46.145,146.976,0.06
12:37:46.192,147.023,0.06
12:37:46.258,147.089,0.06
12:37:46.314,147.145,0.06
12:37:46.371,147.202,0.06
12:37:46.427,147.259,0.06
12:37:46.484,147.315,0.06
12:37:46.551,147.382,0.07
12:37:46.609,147.440,0.06
12:37:46.665,147.496,0.06
12:37:46.724,147.555,0.06
12:37:46.782,147.613,0.07
12:37:46.838,147.669,0.06
12:37:46.885,147.716,0.07
12:37:46.942,147.773,0.06
12:37:47.001,147.832,0.06
12:37:47.056,147.887,0.06
12:37:47.113,147.944,0.06
12:37:47.169,148.001,0.07
12:37:47.226,148.057,0.06
12:37:47.282,148.113,0.06
12:37:47.342,148.173,0.06
12:37:47.405,148.237,0.07
12:37:47.457,148.288,0.06
12:37:47.521,148.352,0.05
12:37:47.573,148.405,0.06
12:37:47.626,148.457,0.06
12:37:47.685,148.516,0.06
12:37:47.737,148.568,0.05
12:37:47.804,148.635,0.06
12:37:47.858,148.690,0.06
12:37:47.919,148.750,0.05
12:37:47.977,148.808,0.06
12:37:48.033,148.864,0.06
12:37:48.097,148.928,0.04
12:37:48.159,148.991,0.06
12:37:48.217,149.049,0.07
12:37:48.273,149.104,0.06
12:37:48.330,149.161,0.06
12:37:48.387,149.218,0.05
12:37:48.445,149.276,0.06
12:37:48.504,149.335,0.06
12:37:48.561,149.392,0.06
12:37:48.618,149.449,0.06
12:37:48.674,149.505,0.06
12:37:48.731,149.562,0.05
12:37:48.787,149.619,0.06
12:37:48.844,149.675,0.07
12:37:48.901,149.732,0.06
12:37:48.958,149.789,0.06
12:37:49.014,149.846,0.06
12:37:49.066,149.897,0.06
12:37:49.122,149.953,0.06
12:37:49.178,150.009,0.06
12:37:49.235,150.066,0.06
12:37:49.291,150.122,0.06
12:37:49.349,150.181,0.05
12:37:49.412,150.244,0.06
12:37:49.464,150.295,0.06
12:37:49.520,150.351,0.05
12:37:49.576,150.407,0.07
12:37:49.634,150.465,0.06
12:37:49.691,150.522,0.06
12:37:49.748,150.580,0.07
12:37:49.812,150.643,0.06
12:37:49.865,150.696,0.07
12:37:49.922,150.753,0.05
12:37:49.979,150.810,0.06
12:37:50.033,150.864,0.06
12:37:50.085,150.916,0.07
12:37:50.140,150.971,0.05
12:37:50.196,151.027,0.06
12:37:50.253,151.084,0.06
12:37:50.310,151.141,0.06
12:37:50.366,151.197,0.05
12:37:50.418,151.249,0.06
12:37:50.470,151.301,0.06
12:37:50.527,151.358,0.06
12:37:50.585,151.416,0.07
12:37:50.644,151.475,0.05
12:37:50.700,151.531,0.07
12:37:50.757,151.588,0.06
12:37:50.814,151.645,0.06
12:37:50.869,151.700,0.07
12:37:50.927,151.758,0.06
12:37:50.986,151.817,0.06
12:37:51.035,151.867,0.07
12:37:51.092,151.923,0.06
12:37:51.149,151.980,0.06
12:37:51.207,152.038,0.06
12:37:51.265,152.097,0.05
12:37:51.332,152.164,0.06
12:37:51.390,152.221,0.04
12:37:51.446,152.278,0.05
12:37:51.501,152.333,0.07
12:37:51.559,152.390,0.06
12:37:51.618,152.449,0.06
12:37:51.675,152.506,0.07
12:37:51.726,152.557,0.06
12:37:51.778,152.609,0.07
12:37:51.835,152.666,0.06
12:37:51.893,152.724,0.07
12:37:51.946,152.777,0.06
12:37:51.998,152.829,0.06
12:37:52.056,152.887,0.06
12:37:52.115,152.946,0.07
12:37:52.172,153.003,0.05
12:37:52.226,153.057,0.06
12:37:52.285,153.116,0.06
12:37:52.343,153.174,0.06
12:37:52.401,153.233,0.06
12:37:52.458,153.290,0.06
12:37:52.516,153.347,0.07
12:37:52.582,153.413,0.06
12:37:52.651,153.482,0.06
12:37:52.712,153.543,0.05
12:37:52.765,153.596,0.06
12:37:52.826,153.657,0.06
12:37:52.885,153.716,0.06
12:37:52.943,153.774,0.06
12:37:53.000,153.831,0.05
12:37:53.057,153.889,0.06
12:37:53.113,153.945,0.06
12:37:53.170,154.001,0.06
12:37:53.231,154.063,0.05
12:37:53.294,154.125,0.06
12:37:53.351,154.182,0.05
12:37:53.408,154.239,0.06
12:37:53.464,154.295,0.06
12:37:53.521,154.352,0.07
12:37:53.579,154.410,0.06
12:37:53.638,154.469,0.06
12:37:53.694,154.525,0.05
12:37:53.752,154.583,0.06
12:37:53.811,154.642,0.05
12:37:53.867,154.698,0.05
12:37:53.925,154.757,0.07
12:37:53.983,154.814,0.06
12:37:54.042,154.873,0.05
12:37:54.099,154.930,0.05
12:37:54.154,154.985,0.05
12:37:54.222,155.053,0.07
12:37:54.280,155.111,0.06
12:37:54.337,155.168,0.05
12:37:54.396,155.227,0.06
12:37:54.454,155.285,0.06
12:37:54.512,155.343,0.07
12:37:54.570,155.401,0.06
12:37:54.627,155.458,0.05
12:37:54.686,155.517,0.06
12:37:54.743,155.574,0.06
12:37:54.799,155.630,0.06
12:37:54.861,155.693,0.06
12:37:54.913,155.745,0.07
12:37:54.973,155.804,0.06
12:37:55.034,155.865,0.07
12:37:55.086,155.917,0.06
12:37:55.145,155.976,0.06
12:37:55.199,156.030,0.05
12:37:55.257,156.088,0.06
12:37:55.315,156.146,0.06
12:37:55.372,156.204,0.05
12:37:55.430,156.261,0.06
12:37:55.488,156.319,0.05
12:37:55.546,156.377,0.05
12:37:55.610,156.441,0.05
12:37:55.672,156.504,0.06
12:37:55.732,156.563,0.04
12:37:55.788,156.619,0.08
12:37:55.846,156.677,0.04
12:37:55.903,156.734,0.05
12:37:55.960,156.791,0.07
12:37:56.018,156.850,0.05
12:37:56.074,156.905,0.06
12:37:56.135,156.967,0.07
12:37:56.186,157.017,0.07
12:37:56.244,157.076,0.05
12:37:56.303,157.134,0.05
12:37:56.359,157.190,0.06
12:37:56.416,157.247,0.05
12:37:56.477,157.308,0.05
12:37:56.530,157.361,0.06
12:37:56.588,157.419,0.08
12:37:56.646,157.477,0.06
12:37:56.712,157.543,0.06
12:37:56.770,157.601,0.07
12:37:56.826,157.657,0.05
12:37:56.892,157.723,0.05
12:37:56.950,157.781,0.05
12:37:57.003,157.834,0.06
12:37:57.055,157.886,0.06
12:37:57.117,157.948,0.06
12:37:57.168,158.000,0.06
12:37:57.225,158.056,0.06
12:37:57.282,158.114,0.06
12:37:57.335,158.166,0.06
12:37:57.387,158.218,0.06
12:37:57.443,158.274,0.05
12:37:57.500,158.331,0.05
12:37:57.556,158.387,0.06
12:37:57.619,158.450,0.05
12:37:57.673,158.504,0.06
12:37:57.729,158.560,0.07
12:37:57.786,158.617,0.05
12:37:57.842,158.673,0.06
12:37:57.899,158.730,0.05
12:37:57.955,158.787,0.05
12:37:58.017,158.848,0.05
12:37:58.073,158.904,0.05
12:37:58.129,158.960,0.07
12:37:58.193,159.024,0.06
12:37:58.244,159.075,0.07
12:37:58.301,159.132,0.05
12:37:58.356,159.187,0.05
12:37:58.413,159.245,0.06
12:37:58.470,159.301,0.06
12:37:58.528,159.359,0.06
12:37:58.586,159.417,0.06
12:37:58.644,159.475,0.05
12:37:58.701,159.532,0.06
12:37:58.758,159.589,0.07
12:37:58.816,159.647,0.03
12:37:58.883,159.714,0.09
12:37:58.943,159.774,0.02
12:37:58.997,159.828,0.03
12:37:59.050,159.881,0.06
12:37:59.107,159.938,0.05
12:37:59.164,159.995,0.03
12:37:59.221,160.052,0.05
12:37:59.277,160.108,0.07
12:37:59.334,160.165,0.06
12:37:59.394,160.225,0.06
12:37:59.452,160.283,0.07
12:37:59.509,160.340,0.06
12:37:59.567,160.398,0.06
12:37:59.623,160.454,0.06
12:37:59.682,160.513,0.05
12:37:59.739,160.571,0.07
12:37:59.798,160.629,0.06
12:37:59.854,160.685,0.04
12:37:59.923,160.754,0.07
12:37:59.980,160.812,0.07
12:38:00.036,160.867,0.06
12:38:00.093,160.924,0.06
12:38:00.150,160.981,0.06
12:38:00.207,161.038,0.06
12:38:00.263,161.094,0.06
12:38:00.321,161.152,0.07
12:38:00.378,161.209,0.06
12:38:00.434,161.265,0.07
12:38:00.491,161.322,0.06
12:38:00.548,161.380,0.06
12:38:00.605,161.436,0.07
12:38:00.662,161.493,0.05
12:38:00.723,161.555,0.06
12:38:00.775,161.606,0.06
12:38:00.832,161.663,0.06
12:38:00.889,161.720,0.06
12:38:00.946,161.777,0.06
12:38:00.997,161.828,0.06
12:38:01.051,161.882,0.06
12:38:01.106,161.938,0.06
12:38:01.163,161.994,0.06
12:38:01.220,162.052,0.07
12:38:01.273,162.104,0.06
12:38:01.333,162.164,0.06
12:38:01.394,162.225,0.05
12:38:01.452,162.283,0.05
12:38:01.509,162.340,0.05
12:38:01.568,162.399,0.06
12:38:01.621,162.452,0.07
12:38:01.678,162.509,6.0
12:38:01.737,162.569,0.05
12:38:01.789,162.621,0.07
12:38:01.897,162.728,0.06
12:38:01.963,162.794,0.06
12:38:02.020,162.851,0.05
12:38:02.075,162.906,0.05
12:38:02.133,162.964,0.05
12:38:02.190,163.021,0.06
12:38:02.246,163.077,0.06
12:38:02.298,163.129,0.05
12:38:02.360,163.192,0.05
12:38:02.417,163.248,0.07
12:38:02.473,163.304,0.06
12:38:02.531,163.362,0.06
12:38:02.589,163.420,0.06
12:38:02.643,163.474,0.06
12:38:02.703,163.534,0.06
12:38:02.760,163.592,0.05
12:38:02.818,163.649,0.05
12:38:02.876,163.707,0.07
12:38:02.982,163.814,0.06
12:38:03.038,163.869,0.06
12:38:03.095,163.926,0.05
12:38:03.163,163.994,0.05
12:38:03.221,164.052,0.05
12:38:03.279,164.110,0.06
12:38:03.336,164.167,0.06
12:38:03.393,164.224,0.05
12:38:03.450,164.281,0.05
12:38:03.506,164.337,0.07
12:38:03.562,164.393,0.06
12:38:03.618,164.449,0.06
12:38:03.675,164.506,0.06
12:38:03.731,164.562,0.06
12:38:03.789,164.620,0.06
12:38:03.845,164.676,0.05
12:38:03.902,164.733,0.05
12:38:03.958,164.789,0.07
12:38:04.015,164.846,0.06
12:38:04.072,164.903,0.05
12:38:04.128,164.959,0.06
12:38:04.187,165.018,0.06
12:38:04.245,165.077,0.06
12:38:04.302,165.133,0.06
12:38:04.375,165.206,0.06
12:38:04.435,165.266,0.06
12:38:04.491,165.322,0.07
12:38:04.548,165.379,0.06
12:38:04.606,165.438,0.06
12:38:04.664,165.495,0.06
12:38:04.723,165.554,0.06
12:38:04.779,165.610,0.06
12:38:04.837,165.668,0.06
12:38:04.895,165.726,0.06
12:38:04.952,165.783,0.06
12:38:05.009,165.841,0.06
12:38:05.067,165.898,0.06
12:38:05.124,165.955,0.06
12:38:05.180,166.011,0.07
12:38:05.237,166.068,0.06
12:38:05.294,166.125,0.05
12:38:05.351,166.182,0.06
12:38:05.408,166.239,0.06
12:38:05.464,166.295,0.06
12:38:05.516,166.347,0.05
12:38:05.569,166.400,0.06
12:38:05.625,166.456,0.06
12:38:05.683,166.514,0.06
12:38:05.739,166.571,0.05
12:38:05.797,166.628,0.05
12:38:05.855,166.686,0.07
12:38:05.912,166.743,0.07
12:38:05.969,166.801,0.06
12:38:06.026,166.857,0.07
12:38:06.083,166.914,0.06
12:38:06.144,166.975,0.07
12:38:06.196,167.027,0.06
12:38:06.261,167.093,0.05
12:38:06.319,167.150,0.06
12:38:06.376,167.207,0.06
12:38:06.432,167.263,0.07
12:38:06.490,167.321,0.05
12:38:06.546,167.377,0.05
12:38:06.602,167.433,0.07
12:38:06.660,167.491,0.06
12:38:06.715,167.546,0.06
12:38:06.773,167.604,0.06
12:38:06.829,167.661,0.05
12:38:06.886,167.717,0.06
12:38:06.942,167.773,0.06
12:38:06.999,167.831,0.06
12:38:07.057,167.888,0.06
12:38:07.114,167.946,0.06
12:38:07.166,167.998,0.07
12:38:07.219,168.051,0.06
12:38:07.276,168.107,0.06
12:38:07.332,168.163,0.06
12:38:07.388,168.219,0.06
12:38:07.446,168.277,0.05
12:38:07.503,168.334,0.06
12:38:07.559,168.390,0.05
12:38:07.616,168.448,0.06
12:38:07.680,168.512,0.07
12:38:07.733,168.564,0.06
12:38:07.791,168.623,0.06
12:38:07.849,168.681,0.05
12:38:07.906,168.737,0.06
12:38:07.965,168.796,0.06
12:38:08.021,168.852,0.06
12:38:08.076,168.907,0.05
12:38:08.133,168.964,0.06
12:38:08.190,169.021,0.06
12:38:08.247,169.078,0.07
12:38:08.309,169.140,0.06
12:38:08.363,169.195,0.07
12:38:08.423,169.254,0.07
12:38:08.483,169.314,0.06
12:38:08.547,169.378,0.06
12:38:08.607,169.438,0.06
12:38:08.673,169.504,0.06
12:38:08.730,169.561,0.06
12:38:08.787,169.618,0.05
12:38:08.845,169.676,0.06
12:38:08.902,169.733,0.06
12:38:08.959,169.790,0.06
12:38:09.016,169.847,0.05
12:38:09.070,169.901,0.06
12:38:09.121,169.952,0.06
12:38:09.177,170.008,0.06
12:38:09.235,170.066,0.06
12:38:09.291,170.122,0.05
12:38:09.348,170.179,0.05
12:38:09.405,170.236,0.06
12:38:09.462,170.293,0.06
12:38:09.519,170.350,0.06
12:38:09.572,170.403,0.06
12:38:09.625,170.456,0.07
12:38:09.681,170.512,0.07
12:38:09.733,170.564,0.05
12:38:09.785,170.616,0.05
12:38:09.841,170.672,0.05
12:38:09.898,170.729,0.06
12:38:09.956,170.787,0.06
12:38:10.011,170.842,0.05
12:38:10.069,170.900,0.06
12:38:10.126,170.957,0.06
12:38:10.181,171.012,0.05
12:38:10.242,171.073,0.05
12:38:10.300,171.131,0.06
12:38:10.358,171.189,0.07
12:38:10.411,171.242,0.05
12:38:10.472,171.303,0.06
12:38:10.530,171.361,0.05
12:38:10.586,171.418,0.06
12:38:10.638,171.469,0.05
12:38:10.700,171.531,0.07
12:38:10.761,171.592,0.06
12:38:10.817,171.649,0.05
12:38:10.870,171.701,0.06
12:38:10.927,171.758,0.05
12:38:10.982,171.813,0.05
12:38:11.040,171.871,0.06
12:38:11.097,171.928,0.07
12:38:11.149,171.980,0.06
12:38:11.201,172.032,0.05
12:38:11.258,172.089,0.06
12:38:11.314,172.146,0.06
12:38:11.371,172.202,0.06
12:38:11.428,172.259,0.06
12:38:11.485,172.316,0.05
12:38:11.543,172.374,0.06
12:38:11.601,172.433,0.06
12:38:11.658,172.489,0.06
12:38:11.715,172.546,0.05
12:38:11.771,172.602,0.06
12:38:11.831,172.662,0.06
12:38:11.889,172.720,0.06
12:38:11.945,172.776,0.06
12:38:12.003,172.834,0.05
12:38:12.059,172.890,0.06
12:38:12.116,172.947,0.05
12:38:12.183,173.015,0.06
12:38:12.241,173.073,0.06
12:38:12.299,173.130,0.06
12:38:12.357,173.188,0.06
12:38:12.416,173.247,0.06
12:38:12.472,173.303,0.06
12:38:12.534,173.365,0.05
12:38:12.595,173.426,0.06
12:38:12.651,173.482,0.05
12:38:12.708,173.539,0.06
12:38:12.765,173.596,0.07
12:38:12.821,173.652,0.06
12:38:12.878,173.709,0.06
12:38:12.934,173.766,0.07
12:38:12.994,173.825,0.06
12:38:13.052,173.883,0.05
12:38:13.109,173.940,0.06
12:38:13.166,173.997,0.06
12:38:13.221,174.052,0.06
12:38:13.282,174.113,0.06
12:38:13.340,174.171,0.06
12:38:13.397,174.228,0.06
12:38:13.453,174.284,0.06
12:38:13.505,174.337,0.06
12:38:13.558,174.389,0.06
12:38:13.616,174.447,0.05
12:38:13.673,174.504,0.05
12:38:13.731,174.562,0.06
12:38:13.787,174.618,0.06
12:38:13.845,174.676,0.06
12:38:13.912,174.743,0.06
12:38:13.971,174.802,0.06
12:38:14.035,174.866,0.06
12:38:14.095,174.926,0.07
12:38:14.151,174.983,0.06
12:38:14.209,175.040,0.06
12:38:14.265,175.096,0.05
12:38:14.322,175.153,0.06
12:38:14.379,175.210,0.05
12:38:14.435,175.266,0.06
12:38:14.492,175.323,0.06
12:38:14.549,175.380,0.07
12:38:14.607,175.438,0.07
12:38:14.664,175.495,0.06
12:38:14.723,175.554,0.05
12:38:14.779,175.610,0.05
12:38:14.834,175.665,0.06
12:38:14.885,175.716,0.06
12:38:14.941,175.772,0.07
12:38:14.997,175.828,0.06
12:38:15.053,175.884,0.06
12:38:15.109,175.941,0.06
12:38:15.161,175.992,0.04
12:38:15.217,176.048,0.05
12:38:15.272,176.103,0.09
12:38:15.329,176.160,0.05
12:38:15.387,176.218,0.04
12:38:15.446,176.277,0.09
12:38:15.503,176.334,0.05
12:38:15.559,176.390,0.06
12:38:15.616,176.447,0.05
12:38:15.673,176.504,0.05
12:38:15.729,176.561,0.06
12:38:15.786,176.617,0.05
12:38:15.843,176.674,0.06
12:38:15.899,176.730,0.07
12:38:15.956,176.787,0.05
12:38:16.013,176.844,0.05
12:38:16.071,176.902,0.07
12:38:16.127,176.959,0.05
12:38:16.187,177.018,0.06
12:38:16.254,177.085,0.06
12:38:16.322,177.153,0.07
12:38:16.382,177.213,0.05
12:38:16.440,177.271,0.06
12:38:16.496,177.327,0.07
12:38:16.563,177.394,0.06
12:38:16.621,177.452,0.05
12:38:16.678,177.509,0.06
12:38:16.744,177.575,0.07
12:38:16.800,177.631,0.06
12:38:16.858,177.689,0.05
12:38:16.914,177.745,0.06
12:38:16.972,177.803,0.07
12:38:17.039,177.870,0.06
12:38:17.095,177.926,0.05
12:38:17.152,177.983,0.07
12:38:17.209,178.040,0.06
12:38:17.266,178.097,0.06
12:38:17.322,178.153,0.06
12:38:17.378,178.210,0.06
12:38:17.435,178.266,0.07
12:38:17.491,178.323,0.05
12:38:17.548,178.380,0.06
12:38:17.606,178.437,0.06
12:38:17.665,178.496,0.06
12:38:17.721,178.552,0.06
12:38:17.777,178.608,0.06
12:38:17.831,178.662,0.05
12:38:17.891,178.722,0.05
12:38:17.949,178.780,0.07
12:38:18.007,178.838,0.06
12:38:18.064,178.895,0.05
12:38:18.122,178.953,0.06
12:38:18.194,179.025,0.07
12:38:18.252,179.084,0.07
12:38:18.309,179.140,0.06
12:38:18.367,179.198,0.06
12:38:18.432,179.263,0.07
12:38:18.487,179.318,0.06
12:38:18.547,179.378,0.05
12:38:18.604,179.435,0.06
12:38:18.664,179.495,0.06
12:38:18.720,179.551,0.07
12:38:18.777,179.608,0.06
12:38:18.834,179.665,0.06
12:38:18.890,179.722,0.05
12:38:18.947,179.778,0.06
12:38:19.003,179.834,0.06
12:38:19.061,179.893,0.06
12:38:19.119,179.950,0.06
12:38:19.176,180.007,0.05
12:38:19.235,180.066,0.06
12:38:19.291,180.122,0.07
12:38:19.349,180.180,0.06
12:38:19.407,180.238,0.06
12:38:19.464,180.295,0.06
12:38:19.522,180.353,0.06
12:38:19.578,180.409,0.06
12:38:19.637,180.468,0.06
12:38:19.690,180.521,0.06
12:38:19.751,180.582,0.06
12:38:19.809,180.640,0.06
12:38:19.862,180.694,0.04
12:38:19.920,180.751,0.05
12:38:19.975,180.806,0.06
12:38:20.026,180.857,0.06
12:38:20.086,180.917,0.05
12:38:20.143,180.974,0.06
12:38:20.200,181.031,0.06
12:38:20.256,181.088,0.06
12:38:20.310,181.141,0.05
12:38:20.369,181.200,0.06
12:38:20.426,181.257,0.06
12:38:20.482,181.313,0.06
12:38:20.540,181.371,0.06
12:38:20.598,181.429,0.06
12:38:20.656,181.487,0.05
12:38:20.713,181.544,0.06
12:38:20.770,181.601,0.05
12:38:20.827,181.658,0.06
12:38:20.882,181.713,0.06
12:38:20.942,181.773,0.06
12:38:20.999,181.830,0.06
12:38:21.056,181.887,0.06
12:38:21.121,181.952,0.05
12:38:21.181,182.012,0.06
12:38:21.238,182.069,0.05
12:38:21.296,182.127,0.06
12:38:21.350,182.182,0.06
12:38:21.409,182.240,0.06
12:38:21.466,182.298,0.06
12:38:21.524,182.355,0.06
12:38:21.579,182.410,0.05
12:38:21.641,182.472,0.06
12:38:21.694,182.525,0.06
12:38:21.751,182.582,0.07
12:38:21.807,182.638,0.07
12:38:21.864,182.695,0.06
12:38:21.920,182.751,0.06
12:38:21.982,182.813,0.06
12:38:22.044,182.875,0.06
12:38:22.101,182.932,0.06
12:38:22.158,182.989,0.06
12:38:22.213,183.044,0.06
12:38:22.271,183.102,0.05
12:38:22.327,183.158,0.06
12:38:22.385,183.216,0.06
12:38:22.442,183.273,0.06
12:38:22.500,183.331,0.06
12:38:22.554,183.385,0.07
12:38:22.615,183.446,0.06
12:38:22.671,183.503,0.06
12:38:22.728,183.559,0.06
12:38:22.786,183.617,0.06
12:38:22.844,183.675,0.06
12:38:22.900,183.731,0.06
12:38:22.957,183.788,0.07
12:38:23.023,183.854,0.06
12:38:23.080,183.912,0.06
12:38:23.137,183.968,0.06
12:38:23.195,184.026,0.05
12:38:23.251,184.082,0.06
12:38:23.307,184.138,0.06
12:38:23.370,184.201,0.06
12:38:23.431,184.262,0.06
12:38:23.488,184.319,0.07
12:38:23.545,184.376,0.05
12:38:23.602,184.434,0.05
12:38:23.661,184.492,0.07
12:38:23.717,184.548,0.06
12:38:23.782,184.613,0.06
12:38:23.843,184.674,0.07
12:38:23.899,184.730,0.07
12:38:23.956,184.787,0.07
12:38:24.014,184.845,0.06
12:38:24.067,184.898,0.06
12:38:24.128,184.959,0.06
12:38:24.187,185.018,0.06
12:38:24.244,185.075,0.06
12:38:24.301,185.132,0.05
12:38:24.358,185.189,0.05
12:38:24.416,185.247,0.06
12:38:24.483,185.314,0.06
12:38:24.537,185.368,0.05
12:38:24.597,185.428,0.06
12:38:24.654,185.485,0.06
12:38:24.710,185.541,0.05
12:38:24.767,185.598,0.06
12:38:24.827,185.658,0.06
12:38:24.883,185.714,0.06
12:38:24.940,185.771,0.06
12:38:24.996,185.827,0.07
12:38:25.063,185.894,0.06
12:38:25.120,185.951,0.06
12:38:25.177,186.008,0.07
12:38:25.234,186.065,0.06
12:38:25.293,186.124,0.06
12:38:25.349,186.180,0.06
12:38:25.408,186.239,0.05
12:38:25.466,186.297,0.06
12:38:25.522,186.353,0.06
12:38:25.581,186.412,0.06
12:38:25.637,186.468,0.06
12:38:25.698,186.530,0.06
12:38:25.757,186.588,0.06
12:38:25.816,186.647,0.06
12:38:25.873,186.704,0.06
12:38:25.929,186.761,0.05
12:38:25.988,186.819,0.06
12:38:26.044,186.875,0.06
12:38:26.100,186.931,0.07
12:38:26.156,186.987,0.06
12:38:26.213,187.044,0.06
12:38:26.270,187.101,0.05
12:38:26.326,187.158,0.05
12:38:26.384,187.215,0.06
12:38:26.440,187.271,0.06
12:38:26.493,187.324,0.06
12:38:26.553,187.384,0.06
12:38:26.611,187.442,0.06
12:38:26.669,187.500,0.06
12:38:26.727,187.558,0.06
12:38:26.783,187.614,0.06
12:38:26.852,187.683,0.07
12:38:26.910,187.741,0.06
12:38:26.967,187.798,0.06
12:38:27.033,187.864,0.06
12:38:27.090,187.922,0.07
12:38:27.146,187.978,0.06
12:38:27.205,188.037,0.06
12:38:27.260,188.091,0.06
12:38:27.316,188.147,0.06
12:38:27.381,188.213,0.06
12:38:27.441,188.272,0.07
12:38:27.498,188.329,0.06
12:38:27.553,188.384,0.06
12:38:27.612,188.443,0.06
12:38:27.669,188.500,0.05
12:38:27.726,188.557,0.05
12:38:27.782,188.614,0.06
12:38:27.839,188.670,0.06
12:38:27.896,188.728,0.06
12:38:27.952,188.783,0.06
12:38:28.009,188.840,0.07
12:38:28.067,188.898,0.05
12:38:28.119,188.950,0.05
12:38:28.172,189.003,0.06
12:38:28.229,189.060,0.06
12:38:28.287,189.118,0.07
12:38:28.353,189.184,0.06
12:38:28.414,189.245,0.07
12:38:28.474,189.305,0.06
12:38:28.528,189.359,0.07
12:38:28.586,189.417,0.06
12:38:28.652,189.483,0.06
12:38:28.714,189.545,0.06
12:38:28.766,189.597,0.06
12:38:28.819,189.650,0.07
12:38:28.885,189.716,0.06
12:38:28.941,189.772,0.06
12:38:28.997,189.828,0.06
12:38:29.054,189.885,0.05
12:38:29.108,189.939,0.06
12:38:29.160,189.991,0.05
12:38:29.216,190.047,0.06
12:38:29.273,190.104,0.07
12:38:29.329,190.160,0.06
12:38:29.385,190.216,0.06
12:38:29.442,190.274,0.05
12:38:29.499,190.330,0.06
12:38:29.557,190.388,0.06
12:38:29.613,190.444,0.05
12:38:29.671,190.503,0.06
12:38:29.730,190.561,0.06
12:38:29.787,190.618,0.06
12:38:29.854,190.685,0.06
12:38:29.911,190.742,0.07
12:38:29.971,190.802,0.05
12:38:30.024,190.855,0.06
12:38:30.081,190.912,0.07
12:38:30.137,190.968,0.07
12:38:30.204,191.035,0.06
12:38:30.262,191.093,0.07
12:38:30.321,191.152,0.06
12:38:30.378,191.209,0.06
12:38:30.444,191.276,0.06
12:38:30.502,191.333,0.07
12:38:30.559,191.390,0.05
12:38:30.616,191.447,0.05
12:38:30.673,191.504,0.06
12:38:30.735,191.566,0.06
12:38:30.796,191.627,0.07
12:38:30.853,191.685,0.05
12:38:30.909,191.741,0.06
12:38:30.971,191.802,0.06
12:38:31.028,191.859,0.06
12:38:31.091,191.922,0.05
12:38:31.150,191.981,0.06
12:38:31.208,192.039,0.07
12:38:31.263,192.094,0.06
12:38:31.320,192.151,0.05
12:38:31.376,192.207,0.07
12:38:31.434,192.265,0.07
12:38:31.489,192.320,0.06
12:38:31.546,192.377,0.06
12:38:31.603,192.435,0.06
12:38:31.661,192.492,0.06
12:38:31.719,192.550,0.06
12:38:31.777,192.608,0.07
12:38:31.834,192.666,0.07
12:38:31.891,192.722,0.05
12:38:31.949,192.780,0.06
12:38:32.014,192.846,0.06
12:38:32.068,192.899,0.06
12:38:32.123,192.954,0.05
12:38:32.180,193.011,0.07
12:38:32.237,193.068,0.06
12:38:32.294,193.125,0.06
12:38:32.350,193.181,0.07
12:38:32.407,193.238,0.08
12:38:32.464,193.295,0.06
12:38:32.521,193.352,0.06
12:38:32.578,193.409,0.06
12:38:32.645,193.476,0.06
12:38:32.703,193.534,0.07
12:38:32.759,193.590,0.07
12:38:32.825,193.656,0.06
12:38:32.883,193.714,0.06
12:38:32.941,193.772,0.05
12:38:32.998,193.829,0.06
12:38:33.056,193.887,0.05
12:38:33.115,193.946,0.06
12:38:33.171,194.002,0.07
12:38:33.228,194.059,0.06
12:38:33.292,194.123,0.06
12:38:33.354,194.185,0.06
12:38:33.413,194.244,0.06
12:38:33.475,194.306,0.06
12:38:33.534,194.366,0.06
12:38:33.593,194.424,0.06
12:38:33.649,194.481,0.06
12:38:33.706,194.537,0.06
12:38:33.763,194.594,0.06
12:38:33.820,194.651,0.05
12:38:33.876,194.707,0.05
12:38:33.933,194.764,0.06
12:38:33.989,194.821,0.06
12:38:34.043,194.874,0.06
12:38:34.103,194.934,0.06
12:38:34.161,194.992,0.06
12:38:34.219,195.050,0.06
12:38:34.277,195.109,0.06
12:38:34.336,195.167,0.06
12:38:34.393,195.224,0.06
12:38:34.449,195.280,0.06
12:38:34.507,195.338,0.06
12:38:34.571,195.402,0.07
12:38:34.621,195.452,0.06
12:38:34.678,195.509,0.05
12:38:34.735,195.566,0.06
12:38:34.791,195.622,0.06
12:38:34.848,195.679,0.06
12:38:34.913,195.744,0.06
12:38:34.971,195.802,0.06
12:38:35.035,195.866,0.06
12:38:35.096,195.927,0.06
12:38:35.154,195.985,0.06
12:38:35.210,196.041,0.06
12:38:35.267,196.098,0.06
12:38:35.323,196.154,0.07
12:38:35.380,196.211,0.06
12:38:35.437,196.268,0.05
12:38:35.493,196.324,0.05
12:38:35.556,196.387,0.06
12:38:35.614,196.445,0.05
12:38:35.666,196.497,0.06
12:38:35.723,196.554,0.06
12:38:35.780,196.611,0.06
12:38:35.837,196.668,0.06
12:38:35.894,196.725,0.06
12:38:35.952,196.783,0.07
12:38:36.010,196.841,0.05
12:38:36.069,196.900,0.06
12:38:36.135,196.966,0.06
12:38:36.194,197.025,0.05
12:38:36.252,197.083,0.05
12:38:36.309,197.141,0.07
12:38:36.368,197.199,0.05
12:38:36.424,197.255,0.05
12:38:36.485,197.316,0.06
12:38:36.538,197.369,0.07
12:38:36.598,197.429,0.06
12:38:36.655,197.486,0.06
12:38:36.712,197.543,0.05
12:38:36.769,197.600,0.07
12:38:36.825,197.656,0.04
12:38:36.882,197.713,0.06
12:38:36.939,197.770,0.05
12:38:36.990,197.822,0.05
12:38:37.053,197.884,0.06
12:38:37.110,197.942,0.07
12:38:37.167,197.999,0.06
12:38:37.226,198.058,0.06
12:38:37.283,198.114,0.06
12:38:37.339,198.170,0.06
12:38:37.399,198.230,0.06
12:38:37.463,198.294,0.06
12:38:37.522,198.353,0.06
12:38:37.580,198.411,0.06
12:38:37.637,198.468,0.06
12:38:37.694,198.525,0.06
12:38:37.752,198.583,0.05
12:38:37.804,198.635,0.06
12:38:37.856,198.688,0.06
12:38:37.913,198.744,0.07
12:38:37.969,198.800,0.06
12:38:38.026,198.857,0.06
12:38:38.082,198.913,0.06
12:38:38.139,198.970,0.06
12:38:38.196,199.027,0.06
12:38:38.252,199.083,0.07
12:38:38.309,199.140,0.05
12:38:38.366,199.197,0.06
12:38:38.423,199.254,0.06
12:38:38.479,199.310,0.06
12:38:38.537,199.368,0.07
12:38:38.594,199.425,0.06
12:38:38.652,199.483,0.07
12:38:38.708,199.539,0.06
12:38:38.767,199.598,0.07
12:38:38.824,199.655,0.06
12:38:38.882,199.713,0.05
12:38:38.939,199.770,0.07
12:38:38.997,199.828,0.06
12:38:39.055,199.886,0.06
12:38:39.113,199.944,0.06
12:38:39.169,200.000,0.06
12:38:39.227,200.058,0.06
12:38:39.284,200.115,0.05
12:38:39.352,200.183,0.06
12:38:39.404,200.235,0.06
12:38:39.460,200.292,0.06
12:38:39.517,200.348,0.06
12:38:39.572,200.403,0.05
12:38:39.629,200.460,0.06
12:38:39.686,200.517,0.06
12:38:39.743,200.574,0.06
12:38:39.800,200.631,0.06
12:38:39.856,200.687,0.06
12:38:39.913,200.744,0.06
12:38:39.970,200.801,0.06
12:38:40.027,200.858,0.06
12:38:40.078,200.909,0.06
12:38:40.137,200.968,0.07
12:38:40.195,201.027,0.06
12:38:40.253,201.084,0.06
12:38:40.310,201.141,0.06
12:38:40.367,201.198,0.05
12:38:40.424,201.255,0.06
12:38:40.480,201.311,0.05
12:38:40.537,201.368,0.07
12:38:40.593,201.424,0.06
12:38:40.651,201.482,0.07
12:38:40.708,201.539,0.06
12:38:40.766,201.597,0.05
12:38:40.822,201.653,0.05
12:38:40.881,201.712,0.06
12:38:40.938,201.769,0.06
12:38:40.995,201.826,0.06
12:38:41.050,201.881,0.06
12:38:41.106,201.938,0.06
12:38:41.164,201.995,0.07
12:38:41.220,202.051,0.06
12:38:41.277,202.109,0.06
12:38:41.334,202.165,0.06
12:38:41.390,202.222,0.05
12:38:41.447,202.278,0.06
12:38:41.504,202.335,0.06
12:38:41.562,202.393,0.05
12:38:41.620,202.451,0.06
12:38:41.678,202.509,0.07
12:38:41.730,202.561,0.07
12:38:41.786,202.617,0.06
12:38:41.845,202.676,0.06
12:38:41.898,202.729,0.06
12:38:41.963,202.794,0.05
12:38:42.022,202.853,0.06
12:38:42.074,202.905,0.05
12:38:42.129,202.960,0.06
12:38:42.193,203.025,0.05
12:38:42.251,203.082,0.06
12:38:42.308,203.139,0.06
12:38:42.365,203.196,0.07
12:38:42.422,203.253,0.07
12:38:42.478,203.309,0.05
12:38:42.534,203.366,0.06
12:38:42.591,203.422,0.06
12:38:42.648,203.479,0.06
12:38:42.705,203.536,0.07
12:38:42.761,203.592,0.06
12:38:42.818,203.649,0.05
12:38:42.875,203.706,0.06
12:38:42.932,203.763,0.05
12:38:42.989,203.821,0.05
12:38:43.043,203.874,0.06
12:38:43.095,203.926,0.06
12:38:43.152,203.984,0.06
12:38:43.209,204.041,0.06
12:38:43.267,204.098,0.06
12:38:43.324,204.155,0.06
12:38:43.381,204.212,0.06
12:38:43.438,204.270,0.05
12:38:43.498,204.329,0.06
12:38:43.555,204.386,0.06
12:38:43.612,204.443,0.06
12:38:43.669,204.500,0.07
12:38:43.778,204.609,0.05
12:38:43.834,204.665,0.06
12:38:43.892,204.723,0.06
12:38:43.949,204.780,0.06
12:38:44.007,204.838,0.06
12:38:44.063,204.894,0.06
12:38:44.120,204.951,0.07
12:38:44.177,205.008,0.06
12:38:44.233,205.064,0.06
12:38:44.290,205.121,0.06
12:38:44.348,205.179,0.06
12:38:44.404,205.235,0.06
12:38:44.460,205.292,0.06
12:38:44.517,205.348,0.06
12:38:44.574,205.405,0.06
12:38:44.632,205.463,0.06
12:38:44.695,205.526,0.06
12:38:44.749,205.580,0.06
12:38:44.807,205.638,0.04
12:38:44.873,205.704,0.06
12:38:44.931,205.762,0.06
12:38:44.989,205.820,0.06
12:38:45.054,205.885,0.06
12:38:45.112,205.944,0.06
12:38:45.168,205.999,0.06
12:38:45.226,206.057,0.06
12:38:45.282,206.113,0.05
12:38:45.338,206.169,0.05
12:38:45.397,206.228,0.05
12:38:45.451,206.282,0.05
12:38:45.503,206.334,0.06
12:38:45.558,206.390,0.06
12:38:45.616,206.447,0.07
12:38:45.672,206.503,0.06
12:38:45.729,206.560,0.06
12:38:45.786,206.617,0.06
12:38:45.842,206.673,0.05
12:38:45.898,206.729,0.06
12:38:45.956,206.787,0.05
12:38:46.017,206.848,0.06
12:38:46.072,206.904,0.06
12:38:46.129,206.960,0.06
12:38:46.194,207.025,0.06
12:38:46.252,207.083,0.06
12:38:46.310,207.141,0.06
12:38:46.367,207.199,0.07
12:38:46.434,207.266,0.07
12:38:46.492,207.323,0.06
12:38:46.551,207.382,0.05
12:38:46.607,207.439,0.06
12:38:46.664,207.495,0.05
12:38:46.720,207.552,0.06
12:38:46.780,207.612,0.06
12:38:46.838,207.669,0.06
12:38:46.895,207.727,0.06
12:38:46.953,207.784,0.06
12:38:47.021,207.853,0.06
12:38:47.077,207.908,0.05
12:38:47.134,207.966,0.06
12:38:47.191,208.022,0.06
12:38:47.248,208.079,0.07
12:38:47.305,208.136,0.05
12:38:47.362,208.193,0.06
12:38:47.418,208.249,0.06
12:38:47.475,208.306,0.06
12:38:47.532,208.363,0.05
12:38:47.590,208.422,0.07
12:38:47.647,208.478,0.06
12:38:47.704,208.535,0.05
12:38:47.762,208.593,0.05
12:38:47.820,208.651,0.05
12:38:47.878,208.709,0.06
12:38:47.933,208.764,0.06
12:38:47.992,208.823,0.05
12:38:48.049,208.880,0.06
12:38:48.107,208.938,0.07
12:38:48.164,208.995,0.04
12:38:48.223,209.054,0.05
12:38:48.279,209.110,0.06
12:38:48.337,209.168,0.05
12:38:48.394,209.225,0.05
12:38:48.452,209.283,0.06
12:38:48.509,209.341,0.06
12:38:48.568,209.399,0.06
12:38:48.624,209.455,0.06
12:38:48.680,209.512,0.07
12:38:48.737,209.569,0.06
12:38:48.794,209.625,0.05
12:38:48.850,209.681,0.06
12:38:48.907,209.738,0.06
12:38:48.964,209.795,0.06
12:38:49.021,209.852,0.06
12:38:49.078,209.910,0.07
12:38:49.145,209.976,0.06
12:38:49.204,210.035,0.06
12:38:49.260,210.091,0.05
12:38:49.317,210.148,0.06
12:38:49.375,210.207,0.06
12:38:49.432,210.263,0.05
12:38:49.489,210.320,0.05
12:38:49.544,210.375,0.07
12:38:49.601,210.432,0.06
12:38:49.666,210.497,0.06
12:38:49.727,210.558,0.06
12:38:49.781,210.612,0.05
12:38:49.839,210.671,0.04
12:38:49.896,210.727,0.06
12:38:49.953,210.784,0.07
12:38:50.010,210.841,0.05
12:38:50.068,210.899,0.05
12:38:50.124,210.956,0.06
12:38:50.181,211.012,0.07
12:38:50.238,211.069,0.05
12:38:50.295,211.126,0.05
12:38:50.352,211.183,0.06
12:38:50.408,211.240,0.06
12:38:50.470,211.301,0.05
12:38:50.532,211.363,0.06
12:38:50.589,211.420,0.06
12:38:50.651,211.482,0.06
12:38:50.712,211.543,0.05
12:38:50.769,211.600,0.07
12:38:50.827,211.658,0.06
12:38:50.883,211.714,0.05
12:38:50.945,211.777,0.06
12:38:51.007,211.839,0.07
12:38:51.066,211.897,0.06
12:38:51.124,211.955,0.05
12:38:51.179,212.011,0.07
12:38:51.237,212.068,0.08
12:38:51.294,212.125,0.06
12:38:51.352,212.183,0.06
12:38:51.408,212.239,0.07
12:38:51.466,212.297,0.06
12:38:51.522,212.353,0.06
12:38:51.579,212.411,0.06
12:38:51.637,212.468,0.06
12:38:51.693,212.525,0.06
12:38:51.750,212.581,0.05
12:38:51.807,212.639,0.06
12:38:51.864,212.695,0.06
12:38:51.920,212.751,0.06
12:38:51.978,212.809,0.07
12:38:52.040,212.872,0.06
12:38:52.101,212.932,0.05
12:38:52.158,212.989,0.05
12:38:52.215,213.046,0.07
12:38:52.272,213.103,0.06
12:38:52.332,213.163,0.04
12:38:52.388,213.219,0.06
12:38:52.446,213.277,0.06
12:38:52.501,213.332,0.06
12:38:52.560,213.391,0.06
12:38:52.618,213.449,0.05
12:38:52.675,213.506,0.06
12:38:52.733,213.564,0.06
12:38:52.790,213.621,0.06
12:38:52.849,213.680,0.06
12:38:52.906,213.737,0.06
12:38:52.962,213.793,0.06
12:38:53.018,213.849,0.05
12:38:53.080,213.911,0.06
12:38:53.137,213.968,0.06
12:38:53.194,214.025,0.05
12:38:53.251,214.082,0.05
12:38:53.308,214.139,0.07
12:38:53.364,214.195,0.06
12:38:53.421,214.252,0.06
12:38:53.478,214.309,0.07
12:38:53.536,214.367,0.06
12:38:53.592,214.423,0.06
12:38:53.651,214.482,0.05
12:38:53.705,214.536,0.06
12:38:53.756,214.587,0.06
12:38:53.813,214.644,0.07
12:38:53.869,214.700,0.07
12:38:53.936,214.767,0.06
12:38:53.989,214.820,0.07
12:38:54.049,214.880,0.06
12:38:54.107,214.938,0.06
12:38:54.164,214.995,0.05
12:38:54.223,215.054,0.06
12:38:54.280,215.111,0.05
12:38:54.338,215.169,0.07
12:38:54.396,215.227,0.07
12:38:54.452,215.283,0.06
12:38:54.509,215.340,0.07
12:38:54.566,215.397,0.06
12:38:54.623,215.454,0.04
12:38:54.679,215.510,0.05
12:38:54.736,215.567,0.06
12:38:54.798,215.629,0.06
12:38:54.858,215.690,0.06
12:38:54.910,215.741,0.06
12:38:54.962,215.793,0.06
12:38:55.019,215.850,0.05
12:38:55.077,215.909,0.06
12:38:55.144,215.975,0.06
12:38:55.202,216.033,0.06
12:38:55.258,216.089,0.06
12:38:55.316,216.147,0.06
12:38:55.371,216.202,0.06
12:38:55.429,216.261,0.07
12:38:55.487,216.318,0.06
12:38:55.543,216.374,0.05
12:38:55.599,216.430,0.06
12:38:55.657,216.488,0.06
12:38:55.712,216.543,0.07
12:38:55.772,216.603,0.07
12:38:55.830,216.661,0.07
12:38:55.888,216.719,0.06
12:38:55.945,216.776,0.06
12:38:56.002,216.833,0.06
12:38:56.059,216.890,0.05
12:38:56.116,216.947,0.06
12:38:56.172,217.003,0.06
12:38:56.229,217.060,0.07
12:38:56.286,217.117,0.05
12:38:56.342,217.173,0.05
12:38:56.399,217.230,0.05
12:38:56.455,217.286,0.06
12:38:56.512,217.343,0.05
12:38:56.568,217.399,0.06
12:38:56.637,217.468,0.06
12:38:56.704,217.535,0.06
12:38:56.762,217.593,0.06
12:38:56.826,217.657,0.06
12:38:56.886,217.717,0.05
12:38:56.946,217.777,0.06
12:38:57.002,217.833,0.05
12:38:57.060,217.891,0.06
12:38:57.118,217.949,0.06
12:38:57.174,218.005,0.05
12:38:57.232,218.063,0.06
12:38:57.290,218.121,0.06
12:38:57.356,218.187,0.06
12:38:57.414,218.245,0.05
12:38:57.470,218.301,0.06
12:38:57.527,218.358,0.06
12:38:57.582,218.413,0.05
12:38:57.639,218.470,0.06
12:38:57.691,218.522,0.05
12:38:57.752,218.583,0.06
12:38:57.809,218.640,0.06
12:38:57.866,218.697,0.06
12:38:57.923,218.755,0.06
12:38:57.979,218.810,0.06
12:38:58.035,218.866,0.06
12:38:58.088,218.919,0.07
12:38:58.141,218.972,0.06
12:38:58.194,219.025,0.08
12:38:58.248,219.080,0.06
12:38:58.300,219.131,0.06
12:38:58.357,219.188,0.07
12:38:58.415,219.246,0.06
12:38:58.472,219.303,0.06
12:38:58.536,219.367,0.06
12:38:58.596,219.427,0.05
12:38:58.648,219.479,0.06
12:38:58.702,219.533,0.05
12:38:58.758,219.589,0.05
12:38:58.815,219.646,0.06
12:38:58.871,219.702,0.06
12:38:58.930,219.761,0.06
12:38:58.987,219.818,0.06
12:38:59.043,219.875,0.05
12:38:59.100,219.932,0.06
12:38:59.158,219.989,0.05
12:38:59.214,220.045,0.06
12:38:59.270,220.101,0.06
12:38:59.327,220.158,0.05
12:38:59.384,220.215,0.06
12:38:59.440,220.271,0.06
12:38:59.498,220.329,0.06
12:38:59.554,220.385,0.06
12:38:59.612,220.443,0.06
12:38:59.664,220.495,0.06
12:38:59.717,220.548,0.06
12:38:59.774,220.605,0.06
12:38:59.830,220.661,0.06
12:38:59.887,220.718,0.06
12:38:59.943,220.774,0.05
12:39:00.000,220.831,0.06
12:39:00.065,220.896,0.06
12:39:00.123,220.954,0.07
12:39:00.178,221.009,0.06
12:39:00.232,221.063,0.06
12:39:00.294,221.125,0.05
12:39:00.352,221.183,0.07
12:39:00.408,221.239,0.06
12:39:00.456,221.287,0.06
12:39:00.526,221.357,0.08
12:39:00.587,221.418,0.05
12:39:00.643,221.475,0.06
12:39:00.700,221.531,0.06
12:39:00.757,221.588,0.05
12:39:00.813,221.644,0.05
12:39:00.871,221.702,0.05
12:39:00.927,221.759,0.06
12:39:00.985,221.816,0.05
12:39:01.047,221.878,0.05
12:39:01.100,221.932,0.06
12:39:01.157,221.989,0.06
12:39:01.215,222.046,0.06
12:39:01.273,222.104,0.06
12:39:01.330,222.161,0.06
12:39:01.388,222.219,0.06
12:39:01.447,222.278,0.06
12:39:01.504,222.336,0.06
12:39:01.562,222.393,0.06
12:39:01.620,222.451,0.05
12:39:01.679,222.510,0.06
12:39:01.736,222.567,0.06
12:39:01.793,222.624,0.06
12:39:01.857,222.688,0.06
12:39:01.908,222.739,0.06
12:39:01.965,222.796,0.06
12:39:02.022,222.853,0.06
12:39:02.077,222.909,0.07
12:39:02.135,222.966,0.06
12:39:02.191,223.022,0.07
12:39:02.248,223.079,0.06
12:39:02.305,223.136,0.07
12:39:02.361,223.192,0.06
12:39:02.419,223.250,0.06
12:39:02.475,223.306,0.07
12:39:02.532,223.363,0.06
12:39:02.590,223.421,0.06
12:39:02.648,223.479,0.06
12:39:02.704,223.535,0.06
12:39:02.762,223.593,0.06
12:39:02.819,223.650,0.06
12:39:02.876,223.707,0.08
12:39:02.930,223.762,0.06
12:39:02.990,223.821,0.05
12:39:03.046,223.878,0.05
12:39:03.099,223.930,0.06
12:39:03.156,223.987,0.06
12:39:03.218,224.049,0.06
12:39:03.274,224.105,0.06
12:39:03.330,224.162,0.05
12:39:03.389,224.220,0.05
12:39:03.445,224.276,0.06
12:39:03.503,224.334,0.06
12:39:03.558,224.389,0.05
12:39:03.614,224.445,0.06
12:39:03.671,224.502,0.06
12:39:03.728,224.559,0.06
12:39:03.784,224.615,0.06
12:39:03.841,224.672,0.06
12:39:03.897,224.729,0.07
12:39:03.954,224.786,0.06
12:39:04.011,224.842,0.05
12:39:04.069,224.900,0.06
12:39:04.127,224.959,0.05
12:39:04.180,225.011,0.05
12:39:04.231,225.062,0.06
12:39:04.286,225.117,0.06
12:39:04.343,225.174,0.06
12:39:04.399,225.230,0.05
12:39:04.466,225.298,0.06
12:39:04.524,225.355,0.06
12:39:04.580,225.411,0.06
12:39:04.635,225.466,0.05
12:39:04.693,225.524,0.05
12:39:04.750,225.581,0.06
12:39:04.806,225.637,0.06
12:39:04.865,225.696,0.05
12:39:04.922,225.753,0.06
12:39:04.979,225.810,0.05
12:39:05.034,225.865,0.05
12:39:05.093,225.924,0.06
12:39:05.150,225.981,0.06
12:39:05.207,226.038,0.06
12:39:05.266,226.097,0.06
12:39:05.323,226.154,0.06
12:39:05.380,226.211,0.06
12:39:05.437,226.268,0.06
12:39:05.493,226.324,0.06
12:39:05.551,226.382,0.06
12:39:05.609,226.441,0.05
12:39:05.665,226.497,0.05
12:39:05.723,226.555,0.06
12:39:05.782,226.613,0.07
12:39:05.846,226.678,0.06
12:39:05.898,226.730,0.06
12:39:05.954,226.785,0.05
12:39:06.011,226.842,0.06
12:39:06.077,226.908,0.05
12:39:06.135,226.967,0.06
12:39:06.193,227.025,0.06
12:39:06.251,227.082,0.05
12:39:06.317,227.148,0.06
12:39:06.374,227.205,0.04
12:39:06.430,227.261,0.06
12:39:06.495,227.326,0.07
12:39:06.553,227.384,0.06
12:39:06.610,227.441,0.05
12:39:06.666,227.498,0.05
12:39:06.723,227.554,0.06
12:39:06.780,227.611,0.06
12:39:06.843,227.674,0.05
12:39:06.903,227.734,0.06
12:39:06.960,227.791,0.06
12:39:07.017,227.848,0.07
12:39:07.077,227.908,0.07
12:39:07.133,227.964,0.05
12:39:07.191,228.022,0.05
12:39:07.248,228.079,0.06
12:39:07.314,228.145,0.07
12:39:07.371,228.202,0.06
12:39:07.428,228.259,0.06
12:39:07.484,228.315,0.06
12:39:07.550,228.381,0.06
12:39:07.609,228.440,0.05
12:39:07.659,228.490,0.06
12:39:07.713,228.544,0.06
12:39:07.769,228.600,0.06
12:39:07.826,228.657,0.05
12:39:07.892,228.723,0.07
12:39:07.947,228.778,0.06
12:39:07.999,228.830,0.05
12:39:08.056,228.887,0.05
12:39:08.113,228.944,0.05
12:39:08.169,229.000,0.06
12:39:08.231,229.062,0.06
12:39:08.292,229.123,0.06
12:39:08.349,229.180,0.06
12:39:08.405,229.237,0.05
12:39:08.462,229.293,0.06
12:39:08.519,229.350,0.05
12:39:08.586,229.418,0.06
12:39:08.649,229.480,0.06
12:39:08.700,229.531,0.05
12:39:08.758,229.589,0.06
12:39:08.815,229.646,0.06
12:39:08.871,229.702,0.06
12:39:08.929,229.760,0.07
12:39:08.985,229.816,0.06
12:39:09.052,229.883,0.06
12:39:09.108,229.939,0.06
12:39:09.166,229.997,0.06
12:39:09.222,230.053,0.06
12:39:09.279,230.110,0.06
12:39:09.334,230.165,0.08
12:39:09.390,230.221,0.06
12:39:09.447,230.278,0.06
12:39:09.505,230.336,0.06
12:39:09.561,230.392,0.06
12:39:09.621,230.453,0.06
12:39:09.678,230.509,0.07
12:39:09.735,230.566,0.06
12:39:09.791,230.622,0.06
12:39:09.848,230.679,0.06
12:39:09.904,230.735,0.06
12:39:09.961,230.793,0.06
12:39:10.018,230.849,0.06
12:39:10.087,230.918,0.06
12:39:10.153,230.984,0.06
12:39:10.212,231.043,0.06
12:39:10.270,231.101,0.05
12:39:10.328,231.159,0.05
12:39:10.387,231.218,0.04
12:39:10.442,231.273,0.05
12:39:10.499,231.330,0.05
12:39:10.556,231.387,0.07
12:39:10.613,231.444,0.06
12:39:10.671,231.502,0.05
12:39:10.728,231.559,0.06
12:39:10.786,231.617,0.06
12:39:10.844,231.675,0.05
12:39:10.902,231.733,0.06
12:39:10.959,231.790,0.06
12:39:11.014,231.845,0.08
12:39:11.070,231.902,0.07
12:39:11.127,231.958,0.03
12:39:11.184,232.015,0.06
12:39:11.241,232.072,0.07
12:39:11.298,232.129,0.05
12:39:11.355,232.186,0.05
12:39:11.411,232.242,0.07
12:39:11.468,232.299,0.05
12:39:11.526,232.357,0.08
12:39:11.583,232.414,0.06
12:39:11.641,232.472,0.06
12:39:11.699,232.530,0.05
12:39:11.755,232.586,0.05
12:39:11.820,232.651,0.06
12:39:11.881,232.712,0.06
12:39:11.940,232.771,0.06
12:39:11.999,232.830,0.06
12:39:12.055,232.886,0.06
12:39:12.114,232.945,0.06
12:39:12.178,233.009,0.05
12:39:12.247,233.078,0.05
12:39:12.304,233.136,0.06
12:39:12.362,233.193,0.05
12:39:12.420,233.251,0.06
12:39:12.477,233.308,0.06
12:39:12.543,233.374,0.06
12:39:12.599,233.431,0.05
12:39:12.657,233.488,0.06
12:39:12.713,233.544,0.06
12:39:12.769,233.600,0.05
12:39:12.827,233.658,0.05
12:39:12.883,233.714,0.07
12:39:12.940,233.771,0.07
12:39:12.997,233.828,0.05
12:39:13.050,233.881,0.07
12:39:13.101,233.933,0.06
12:39:13.158,233.989,0.07
12:39:13.214,234.045,0.05
12:39:13.271,234.102,0.07
12:39:13.327,234.158,0.06
12:39:13.385,234.216,0.06
12:39:13.441,234.273,0.05
12:39:13.500,234.331,0.06
12:39:13.563,234.394,0.05
12:39:13.615,234.446,0.07
12:39:13.667,234.498,0.06
12:39:13.724,234.556,0.05
12:39:13.781,234.612,0.07
12:39:13.838,234.669,0.05
12:39:13.895,234.726,0.06
12:39:13.952,234.783,0.06
12:39:14.010,234.841,0.07
12:39:14.072,234.903,0.05
12:39:14.133,234.965,0.06
12:39:14.191,235.022,0.06
12:39:14.248,235.079,0.05
12:39:14.304,235.135,0.06
12:39:14.361,235.192,0.06
12:39:14.419,235.250,0.05
12:39:14.474,235.306,0.06
12:39:14.531,235.362,0.05
12:39:14.589,235.420,0.06
12:39:14.645,235.476,0.05
12:39:14.703,235.534,0.06
12:39:14.759,235.590,0.06
12:39:14.823,235.654,0.06
12:39:14.874,235.705,0.04
12:39:14.931,235.762,0.06
12:39:14.997,235.828,0.06
12:39:15.052,235.883,0.05
12:39:15.112,235.944,0.05
12:39:15.170,236.001,0.05
12:39:15.226,236.057,0.05
12:39:15.284,236.115,0.06
12:39:15.342,236.173,0.05
12:39:15.400,236.231,0.06
12:39:15.458,236.289,0.07
12:39:15.515,236.346,0.05
12:39:15.570,236.401,0.06
12:39:15.628,236.460,0.06
12:39:15.685,236.516,0.05
12:39:15.741,236.572,0.06
12:39:15.798,236.629,0.05
12:39:15.855,236.686,0.06
12:39:15.911,236.742,0.06
12:39:15.969,236.800,0.06
12:39:16.025,236.856,0.06
12:39:16.083,236.914,0.06
12:39:16.140,236.971,0.05
12:39:16.197,237.029,0.06
12:39:16.255,237.086,0.06
12:39:16.319,237.150,0.06
12:39:16.377,237.208,0.06
12:39:16.438,237.269,0.06
12:39:16.496,237.327,0.06
12:39:16.554,237.385,0.05
12:39:16.611,237.442,0.06
12:39:16.667,237.498,0.06
12:39:16.725,237.556,0.06
12:39:16.783,237.614,0.06
12:39:16.840,237.671,0.05
12:39:16.906,237.737,0.05
12:39:16.965,237.796,0.05
12:39:17.023,237.854,0.05
12:39:17.078,237.910,0.06
12:39:17.135,237.966,0.06
12:39:17.193,238.024,0.06
12:39:17.249,238.081,0.06
12:39:17.306,238.137,0.06
12:39:17.363,238.194,0.06
12:39:17.420,238.251,0.06
12:39:17.476,238.307,0.06
12:39:17.534,238.365,0.06
12:39:17.592,238.423,0.06
12:39:17.649,238.480,0.05
12:39:17.706,238.537,0.06
12:39:17.763,238.594,0.06
12:39:17.820,238.651,0.06
12:39:17.880,238.711,0.06
12:39:17.947,238.778,0.06
12:39:18.005,238.836,0.07
12:39:18.061,238.892,0.06
12:39:18.127,238.958,0.05
12:39:18.184,239.015,0.06
12:39:18.239,239.070,0.06
12:39:18.294,239.125,0.05
12:39:18.353,239.184,0.07
12:39:18.410,239.241,0.06
12:39:18.468,239.300,0.06
12:39:18.535,239.366,0.06
12:39:18.597,239.428,0.06
12:39:18.649,239.480,0.06
12:39:18.706,239.537,0.06
12:39:18.763,239.594,0.06
12:39:18.820,239.651,0.06
12:39:18.881,239.713,0.05
12:39:18.934,239.766,0.06
12:39:18.990,239.821,0.06
12:39:19.058,239.889,0.05
12:39:19.116,239.947,0.06
12:39:19.174,240.006,0.05
12:39:19.228,240.059,0.06
12:39:19.280,240.111,0.06
12:39:19.347,240.179,0.05
12:39:19.404,240.235,0.05
12:39:19.457,240.288,0.05
12:39:19.510,240.341,0.06
12:39:19.577,240.408,0.06
12:39:19.633,240.465,0.06
12:39:19.690,240.521,0.07
12:39:19.752,240.583,0.06
12:39:19.804,240.635,0.05
12:39:19.861,240.692,0.05
12:39:19.928,240.759,0.05
12:39:19.986,240.817,0.06
12:39:20.050,240.881,0.06
12:39:20.111,240.942,0.06
12:39:20.168,240.999,0.05
12:39:20.225,241.056,0.06
12:39:20.280,241.112,0.06
12:39:20.337,241.168,0.06
12:39:20.394,241.225,0.05
12:39:20.450,241.282,0.05
12:39:20.502,241.333,0.06
12:39:20.554,241.386,0.05
12:39:20.611,241.443,0.06
12:39:20.668,241.499,0.05
12:39:20.725,241.556,0.06
12:39:20.782,241.613,0.06
12:39:20.846,241.677,0.06
12:39:20.907,241.739,0.06
12:39:20.967,241.798,0.07
12:39:21.024,241.856,0.06
12:39:21.082,241.913,0.06
12:39:21.140,241.971,0.06
12:39:21.197,242.029,0.06
12:39:21.256,242.087,0.05
12:39:21.313,242.144,0.06
12:39:21.370,242.201,0.06
12:39:21.429,242.260,0.05
12:39:21.486,242.317,0.07
12:39:21.543,242.374,0.05
12:39:21.600,242.431,0.06
12:39:21.657,242.488,0.06
12:39:21.714,242.545,0.06
12:39:21.770,242.602,0.05
12:39:21.827,242.658,0.05
12:39:21.884,242.715,0.06
12:39:21.940,242.771,0.05
12:39:22.002,242.833,0.06
12:39:22.054,242.885,0.06
12:39:22.106,242.937,0.06
12:39:22.164,242.995,0.06
12:39:22.221,243.052,0.06
12:39:22.276,243.107,0.07
12:39:22.334,243.165,0.05
12:39:22.391,243.222,0.07
12:39:22.450,243.281,0.07
12:39:22.506,243.337,0.06
12:39:22.563,243.394,0.07
12:39:22.620,243.451,0.05
12:39:22.675,243.507,0.05
12:39:22.735,243.566,0.05
12:39:22.792,243.623,0.06
12:39:22.849,243.680,0.06
12:39:22.908,243.739,0.05
12:39:22.965,243.796,0.05
12:39:23.022,243.853,0.06
12:39:23.077,243.908,0.06
12:39:23.129,243.960,0.07
12:39:23.191,244.022,0.06
12:39:23.248,244.079,0.06
12:39:23.305,244.136,0.05
12:39:23.361,244.193,0.06
12:39:23.419,244.250,0.05
12:39:23.475,244.306,0.04
12:39:23.532,244.363,0.07
12:39:23.590,244.421,0.05
12:39:23.647,244.478,0.06
12:39:23.703,244.534,0.06
12:39:23.759,244.590,0.06
12:39:23.818,244.649,0.05
12:39:23.874,244.706,0.07
12:39:23.931,244.762,0.09
12:39:23.989,244.820,0.06
12:39:24.046,244.877,0.07
12:39:24.103,244.935,0.07
12:39:24.161,244.992,0.04
12:39:24.217,245.049,0.06
12:39:24.270,245.101,0.05
12:39:24.322,245.153,0.04
12:39:24.381,245.212,0.08
12:39:24.438,245.269,0.03
12:39:24.493,245.324,0.05
12:39:24.551,245.383,0.05
12:39:24.609,245.440,0.05
12:39:24.665,245.496,0.06
12:39:24.722,245.553,0.06
12:39:24.779,245.610,0.06
12:39:24.837,245.668,0.06
12:39:24.893,245.724,0.06
12:39:24.950,245.781,0.06
12:39:25.001,245.833,0.06
12:39:25.055,245.886,0.06
12:39:25.110,245.941,0.06
12:39:25.178,246.009,0.07
12:39:25.236,246.067,0.05
12:39:25.293,246.124,0.07
12:39:25.350,246.181,0.07
12:39:25.407,246.238,0.06
12:39:25.462,246.293,0.06
12:39:25.519,246.350,0.06
12:39:25.578,246.409,0.07
12:39:25.633,246.465,0.0
12:39:25.741,246.572,0.07
12:39:25.799,246.630,0.06
12:39:25.855,246.686,0.05
12:39:25.911,246.742,0.06
12:39:25.970,246.801,0.06
12:39:26.031,246.862,0.07
12:39:26.092,246.923,0.06
12:39:26.150,246.981,0.06
12:39:26.206,247.037,0.06
12:39:26.262,247.094,0.05
12:39:26.320,247.151,0.05
12:39:26.376,247.207,0.06
12:39:26.433,247.264,0.06
12:39:26.489,247.320,0.06
12:39:26.547,247.378,0.06
12:39:26.598,247.429,0.06
12:39:26.655,247.486,0.06
12:39:26.711,247.542,-1.0
12:39:26.820,247.651,0.07
12:39:26.887,247.718,0.06
12:39:26.946,247.777,0.05
12:39:27.004,247.835,0.06
12:39:27.068,247.899,0.06
12:39:27.127,247.958,0.07
12:39:27.195,248.026,0.06
12:39:27.251,248.082,0.06
12:39:27.310,248.141,0.06
12:39:27.365,248.197,0.05
12:39:27.425,248.256,0.05
12:39:27.480,248.311,0.06
12:39:27.536,248.367,0.06
12:39:27.593,248.424,0.06
12:39:27.657,248.488,0.06
12:39:27.709,248.540,0.06
12:39:27.765,248.596,0.06
12:39:27.823,248.654,-1.0
12:39:27.879,248.710,-0.61
12:39:27.935,248.767,0.06
12:39:27.992,248.824,0.06
12:39:28.045,248.877,0.06
12:39:28.106,248.938,0.07
12:39:28.165,248.996,0.06
12:39:28.218,249.049,0.06
12:39:28.270,249.101,0.06
12:39:28.326,249.157,0.06
12:39:28.383,249.214,0.05
12:39:28.440,249.271,0.06
12:39:28.498,249.329,0.06
12:39:28.556,249.387,0.05
12:39:28.611,249.443,0.06
12:39:28.667,249.498,0.05
12:39:28.724,249.555,0.05
12:39:28.779,249.610,0.07
12:39:28.838,249.669,0.06
12:39:28.894,249.725,0.06
12:39:28.951,249.782,0.07
12:39:29.007,249.838,0.06
12:39:29.062,249.894,0.06
12:39:29.119,249.950,0.06
12:39:29.176,250.007,0.06
12:39:29.233,250.064,0.06
12:39:29.289,250.121,0.06
12:39:29.347,250.178,0.04
12:39:29.403,250.234,0.04
12:39:29.460,250.291,0.07
12:39:29.516,250.347,0.06
12:39:29.572,250.403,0.06
12:39:29.630,250.461,0.06
12:39:29.686,250.517,0.07
12:39:29.743,250.574,0.07
12:39:29.800,250.631,0.06
12:39:29.861,250.692,0.07
12:39:29.922,250.753,0.06
12:39:29.980,250.811,0.06
12:39:30.040,250.871,0.06
12:39:30.095,250.926,0.06
12:39:30.152,250.983,0.07
12:39:30.210,251.041,0.05
12:39:30.267,251.098,0.07
12:39:30.324,251.155,0.08
12:39:30.380,251.211,0.05
12:39:30.447,251.278,0.06
12:39:30.506,251.337,0.06
12:39:30.568,251.399,0.06
12:39:30.620,251.451,0.05
12:39:30.676,251.507,0.06
12:39:30.732,251.564,0.06
12:39:30.790,251.621,0.06
12:39:30.846,251.677,0.06
12:39:30.902,251.733,0.06
12:39:30.960,251.791,0.06
12:39:31.016,251.847,0.06
12:39:31.074,251.905,0.06
12:39:31.131,251.962,0.05
12:39:31.189,252.020,0.06
12:39:31.247,252.078,0.07
12:39:31.303,252.134,0.06
12:39:31.360,252.191,0.06
12:39:31.418,252.249,0.05
12:39:31.474,252.305,0.05
12:39:31.532,252.363,0.06
12:39:31.589,252.420,0.05
12:39:31.647,252.478,0.06
12:39:31.703,252.534,0.06
12:39:31.761,252.592,0.05
12:39:31.817,252.649,0.05
12:39:31.873,252.704,0.06
12:39:31.931,252.762,0.06
12:39:31.989,252.820,0.06
12:39:32.051,252.882,0.07
12:39:32.106,252.937,0.06
12:39:32.170,253.001,0.06
12:39:32.231,253.062,0.06
12:39:32.294,253.125,0.06
12:39:32.354,253.185,0.06
12:39:32.413,253.244,0.06
12:39:32.470,253.301,0.06
12:39:32.528,253.359,0.06
12:39:32.580,253.411,0.06
12:39:32.632,253.463,0.06
12:39:32.690,253.521,0.06
12:39:32.749,253.580,0.06
12:39:32.803,253.634,0.07
12:39:32.861,253.692,0.05
12:39:32.919,253.750,0.06
12:39:32.971,253.802,0.06
12:39:33.031,253.862,0.05
12:39:33.098,253.929,0.06
12:39:33.156,253.987,0.07
12:39:33.212,254.043,0.07
12:39:33.270,254.102,0.06
12:39:33.329,254.160,0.06
12:39:33.388,254.219,0.06
12:39:33.444,254.275,0.04
12:39:33.503,254.334,0.06
12:39:33.559,254.390,0.05
12:39:33.616,254.447,0.06
12:39:33.673,254.504,0.09
12:39:33.730,254.561,0.08
12:39:33.786,254.618,-1.02
12:39:33.843,254.675,0.05
12:39:33.900,254.731,0.01
12:39:33.957,254.788,0.07
12:39:34.013,254.845,0.07
12:39:34.071,254.902,0.08
12:39:34.130,254.961,0.06
12:39:34.187,255.018,0.08
12:39:34.244,255.075,0.06
12:39:34.300,255.131,0.05
12:39:34.356,255.187,0.07
12:39:34.407,255.238,0.08
12:39:34.464,255.295,0.04
12:39:34.522,255.353,0.1
12:39:34.577,255.408,0.07
12:39:34.633,255.464,0.07
12:39:34.691,255.522,0.05
12:39:34.747,255.578,0.09
12:39:34.805,255.636,0.06
12:39:34.863,255.694,-0.01
12:39:34.919,255.751,0.14
12:39:34.977,255.808,0.08
12:39:35.035,255.866,0.07
12:39:35.091,255.922,0.04
12:39:35.148,255.979,0.09
12:39:35.205,256.036,0.01
12:39:35.261,256.092,0.07
12:39:35.320,256.151,0.1
12:39:35.375,256.206,0.07
12:39:35.432,256.263,0.06
12:39:35.489,256.320,0.05
12:39:35.547,256.379,0.07
12:39:35.604,256.436,0.05
12:39:35.663,256.494,0.06
12:39:35.720,256.551,0.05
12:39:35.778,256.610,0.05
12:39:35.835,256.666,0.06
12:39:35.892,256.723,0.05
12:39:35.951,256.782,0.06
12:39:36.008,256.839,0.07
12:39:36.064,256.895,0.06
12:39:36.120,256.952,0.07
12:39:36.188,257.019,0.06
12:39:36.245,257.076,0.06
12:39:36.303,257.134,0.07
12:39:36.360,257.191,0.07
12:39:36.416,257.247,0.06
12:39:36.475,257.307,0.06
12:39:36.530,257.361,0.06
12:39:36.590,257.421,-0.09
12:39:36.647,257.478,0.19
12:39:36.706,257.537,0.05
12:39:36.763,257.594,0.09
12:39:36.820,257.651,0.06
12:39:36.877,257.708,0.05
12:39:36.934,257.765,0.04
12:39:36.990,257.821,0.07
12:39:37.044,257.875,0.09
12:39:37.097,257.928,0.01
12:39:37.155,257.986,0.06
12:39:37.212,258.043,0.06
12:39:37.271,258.102,0.06
12:39:37.327,258.158,0.05
12:39:37.383,258.214,0.07
12:39:37.441,258.272,0.05
12:39:37.498,258.329,0.06
12:39:37.556,258.387,0.05
12:39:37.615,258.446,0.05
12:39:37.671,258.503,0.06
12:39:37.737,258.568,0.06
12:39:37.795,258.626,0.06
12:39:37.851,258.682,0.05
12:39:37.906,258.737,0.06
12:39:37.964,258.795,0.06
12:39:38.021,258.853,0.06
12:39:38.077,258.908,0.06
12:39:38.134,258.965,0.1
12:39:38.191,259.022,0.01
12:39:38.247,259.078,0.07
12:39:38.304,259.135,0.06
12:39:38.360,259.192,0.06
12:39:38.418,259.249,0.07
12:39:38.474,259.305,0.05
12:39:38.531,259.362,0.08
12:39:38.598,259.429,0.05
12:39:38.657,259.488,0.07
12:39:38.714,259.546,0.07
12:39:38.771,259.603,0.06
12:39:38.828,259.659,0.05
12:39:38.893,259.724,0.06
12:39:38.951,259.782,0.06
12:39:39.010,259.841,0.06
12:39:39.067,259.898,0.06
12:39:39.125,259.956,0.06
12:39:39.184,260.015,0.05
12:39:39.242,260.073,0.05
12:39:39.298,260.130,0.06
12:39:39.358,260.189,0.05
12:39:39.413,260.244,0.06
12:39:39.471,260.302,0.06
12:39:39.535,260.366,0.06
12:39:39.595,260.426,0.06
12:39:39.651,260.482,0.05
12:39:39.709,260.540,0.05
12:39:39.765,260.596,0.07
12:39:39.822,260.653,0.06
12:39:39.879,260.710,0.06
12:39:39.935,260.766,0.06
12:39:39.992,260.824,0.06
12:39:40.046,260.877,0.06
12:39:40.097,260.929,0.06
12:39:40.156,260.987,0.05
12:39:40.212,261.043,0.06
12:39:40.267,261.098,0.06
12:39:40.325,261.156,0.06
12:39:40.382,261.213,0.07
12:39:40.440,261.271,0.05
12:39:40.493,261.324,0.05
12:39:40.554,261.385,0.06
12:39:40.611,261.442,0.06
12:39:40.666,261.497,0.07
12:39:40.724,261.555,0.07
12:39:40.781,261.612,0.06
12:39:40.836,261.668,0.06
12:39:40.894,261.725,0.06
12:39:40.958,261.789,0.06
12:39:41.018,261.850,0.06
12:39:41.074,261.905,0.06
12:39:41.131,261.962,0.05
12:39:41.187,262.019,0.06
12:39:41.244,262.075,0.06
12:39:41.301,262.132,0.06
12:39:41.358,262.189,0.06
12:39:41.415,262.246,0.05
12:39:41.471,262.302,0.06
12:39:41.538,262.369,0.06
12:39:41.596,262.428,0.06
12:39:41.655,262.486,0.06
12:39:41.719,262.550,0.06
12:39:41.771,262.602,0.07
12:39:41.827,262.658,0.05
12:39:41.883,262.715,0.07
12:39:41.940,262.772,0.06
12:39:41.997,262.828,0.05
12:39:42.054,262.885,0.06
12:39:42.119,262.950,0.06
12:39:42.177,263.008,0.05
12:39:42.235,263.066,0.06
12:39:42.293,263.124,0.06
12:39:42.350,263.181,0.06
12:39:42.418,263.249,0.05
12:39:42.478,263.309,0.05
12:39:42.533,263.364,0.06
12:39:42.590,263.421,0.07
12:39:42.647,263.478,0.06
12:39:42.703,263.534,0.06
12:39:42.760,263.591,0.06
12:39:42.817,263.648,0.06
12:39:42.873,263.704,0.05
12:39:42.930,263.761,0.06
12:39:42.982,263.813,0.06
12:39:43.038,263.869,0.05
12:39:43.101,263.932,0.05
12:39:43.160,263.991,0.05
12:39:43.217,264.048,0.06
12:39:43.274,264.105,0.06
12:39:43.331,264.162,0.05
12:39:43.389,264.220,0.06
12:39:43.448,264.279,0.06
12:39:43.504,264.335,0.05
12:39:43.561,264.392,0.06
12:39:43.619,264.450,0.05
12:39:43.675,264.506,0.06
12:39:43.732,264.563,0.05
12:39:43.789,264.620,0.06
12:39:43.841,264.672,0.06
12:39:43.894,264.725,0.06
12:39:43.951,264.783,0.04
12:39:44.008,264.839,0.06
12:39:44.064,264.895,0.06
12:39:44.127,264.958,0.06
12:39:44.187,265.018,0.06
12:39:44.244,265.075,0.07
12:39:44.301,265.132,0.06
12:39:44.358,265.189,0.06
12:39:44.414,265.245,0.06
12:39:44.471,265.302,0.07
12:39:44.529,265.360,0.05
12:39:44.586,265.417,0.07
12:39:44.643,265.474,0.06
12:39:44.709,265.540,0.05
12:39:44.766,265.597,0.06
12:39:44.823,265.654,0.06
12:39:44.881,265.712,0.05
12:39:44.940,265.772,0.06
12:39:44.997,265.828,0.05
12:39:45.055,265.886,0.06
12:39:45.112,265.943,0.05
12:39:45.179,266.010,0.07
12:39:45.236,266.067,0.05
12:39:45.292,266.123,0.05
12:39:45.349,266.180,0.06
12:39:45.401,266.232,0.06
12:39:45.454,266.285,0.06
12:39:45.510,266.342,0.06
12:39:45.567,266.398,0.06
12:39:45.623,266.455,0.05
12:39:45.680,266.511,0.06
12:39:45.737,266.568,0.04
12:39:45.793,266.624,0.06
12:39:45.850,266.681,0.05
12:39:45.907,266.738,0.06
12:39:45.963,266.794,0.06
12:39:46.020,266.851,0.06
12:39:46.079,266.910,0.05
12:39:46.136,266.967,0.06
12:39:46.194,267.025,0.06
12:39:46.250,267.081,0.06
12:39:46.309,267.140,0.07
12:39:46.364,267.196,0.07
12:39:46.422,267.254,0.05
12:39:46.479,267.311,0.05
12:39:46.539,267.370,0.06
12:39:46.596,267.427,0.06
12:39:46.654,267.485,0.06
12:39:46.711,267.542,0.06
12:39:46.769,267.600,0.06
12:39:46.827,267.658,0.06
12:39:46.884,267.715,0.06
12:39:46.941,267.772,0.06
12:39:46.999,267.830,0.04
12:39:47.056,267.887,0.06
12:39:47.112,267.943,0.06
12:39:47.169,268.000,0.05
12:39:47.226,268.057,0.05
12:39:47.283,268.114,0.06
12:39:47.340,268.171,0.04
12:39:47.396,268.227,0.07
12:39:47.453,268.284,0.06
12:39:47.510,268.341,0.06
12:39:47.567,268.398,0.06
12:39:47.624,268.455,0.06
12:39:47.681,268.512,0.06
12:39:47.748,268.579,0.05
12:39:47.806,268.637,0.06
12:39:47.864,268.695,0.07
12:39:47.927,268.758,0.07
12:39:47.989,268.820,0.05
12:39:48.046,268.877,0.05
12:39:48.103,268.935,0.07
12:39:48.162,268.993,0.07
12:39:48.219,269.050,0.06
12:39:48.277,269.109,0.05
12:39:48.335,269.166,0.06
12:39:48.391,269.222,0.06
12:39:48.458,269.289,0.05
12:39:48.515,269.347,0.06
12:39:48.571,269.402,0.07
12:39:48.628,269.459,0.05
12:39:48.686,269.517,0.06
12:39:48.744,269.575,0.07
12:39:48.801,269.632,0.06
12:39:48.857,269.688,0.06
12:39:48.913,269.745,0.06
12:39:48.966,269.797,0.06
12:39:49.028,269.859,0.06
12:39:49.087,269.918,0.05
12:39:49.144,269.976,0.06
12:39:49.201,270.032,0.07
12:39:49.259,270.090,0.06
12:39:49.316,270.147,0.06
12:39:49.373,270.205,0.08
12:39:49.432,270.263,0.06
12:39:49.491,270.322,0.06
12:39:49.546,270.377,0.06
12:39:49.602,270.433,0.06
12:39:49.661,270.492,0.06
12:39:49.717,270.548,0.05
12:39:49.774,270.605,0.06
12:39:49.832,270.663,0.06
12:39:49.884,270.715,0.07
12:39:49.937,270.768,0.06
12:39:49.989,270.820,0.08
12:39:50.049,270.880,0.05
12:39:50.107,270.938,0.06
12:39:50.169,271.000,0.08
12:39:50.221,271.052,0.05
12:39:50.277,271.108,0.05
12:39:50.339,271.170,0.05
12:39:50.390,271.222,0.06
12:39:50.449,271.280,0.05
12:39:50.507,271.338,0.06
12:39:50.566,271.397,0.08
12:39:50.622,271.453,0.07
12:39:50.678,271.509,0.06
12:39:50.734,271.565,0.07
12:39:50.791,271.622,0.06
12:39:50.853,271.684,0.06
12:39:50.914,271.745,0.05
12:39:50.977,271.808,0.07
12:39:51.030,271.861,0.05
12:39:51.081,271.912,0.06
12:39:51.139,271.970,0.07
12:39:51.193,272.024,0.06
12:39:51.250,272.081,0.06
12:39:51.307,272.138,0.06
12:39:51.362,272.193,0.06
12:39:51.420,272.251,0.05
12:39:51.474,272.305,0.06
12:39:51.531,272.363,0.04
12:39:51.589,272.420,0.06
12:39:51.646,272.477,0.05
12:39:51.702,272.534,0.06
12:39:51.760,272.591,0.06
12:39:51.816,272.647,0.06
12:39:51.873,272.704,0.06
12:39:51.929,272.761,0.06
12:39:51.987,272.818,0.06
12:39:52.044,272.875,0.06
12:39:52.100,272.931,0.05
12:39:52.158,272.989,0.06
12:39:52.212,273.044,0.06
12:39:52.272,273.103,0.06
12:39:52.329,273.161,0.05
12:39:52.384,273.215,0.06
12:39:52.442,273.273,0.07
12:39:52.509,273.340,0.05
12:39:52.561,273.392,0.06
12:39:52.628,273.459,0.05
12:39:52.689,273.520,0.07
12:39:52.745,273.576,0.06
12:39:52.802,273.633,0.05
12:39:52.860,273.691,0.05
12:39:52.919,273.750,0.07
12:39:52.976,273.807,0.06
12:39:53.030,273.861,0.06
12:39:53.091,273.922,0.08
12:39:53.148,273.979,0.07
12:39:53.205,274.036,0.06
12:39:53.261,274.092,0.06
12:39:53.318,274.149,0.05
12:39:53.376,274.207,0.06
12:39:53.432,274.263,0.06
12:39:53.488,274.319,0.06
12:39:53.546,274.377,0.06
12:39:53.604,274.435,0.06
12:39:53.661,274.493,0.04
12:39:53.718,274.549,0.06
12:39:53.775,274.606,0.06
12:39:53.831,274.662,0.05
12:39:53.888,274.719,0.06
12:39:53.945,274.776,0.05
12:39:54.001,274.832,0.03
12:39:54.069,274.900,0.07
12:39:54.126,274.958,0.06
12:39:54.183,275.014,0.06
12:39:54.241,275.072,0.07
12:39:54.298,275.129,0.06
12:39:54.355,275.186,0.05
12:39:54.413,275.244,0.05
12:39:54.471,275.302,0.07
12:39:54.537,275.368,0.06
12:39:54.594,275.425,0.06
12:39:54.651,275.482,0.06
12:39:54.706,275.538,0.06
12:39:54.765,275.596,0.06
12:39:54.821,275.652,0.05
12:39:54.878,275.709,0.06
12:39:54.934,275.765,0.06
12:39:54.991,275.822,0.06
12:39:55.055,275.886,0.05
12:39:55.106,275.937,0.06
12:39:55.164,275.995,0.07
12:39:55.221,276.052,0.05
12:39:55.278,276.110,0.06
12:39:55.335,276.166,0.06
12:39:55.391,276.222,0.06
12:39:55.451,276.282,0.06
12:39:55.509,276.340,0.05
12:39:55.568,276.399,0.06
12:39:55.626,276.457,0.06
12:39:55.683,276.515,0.06
12:39:55.743,276.574,0.06
12:39:55.800,276.631,0.06
12:39:55.854,276.685,0.07
12:39:55.914,276.745,0.05
12:39:55.972,276.803,0.07
12:39:56.034,276.865,0.05
12:39:56.095,276.926,0.06
12:39:56.151,276.982,0.06
12:39:56.208,277.039,0.06
12:39:56.264,277.096,0.06
12:39:56.321,277.152,0.06
12:39:56.378,277.209,0.06
12:39:56.435,277.266,0.06
12:39:56.492,277.323,0.05
12:39:56.548,277.380,0.05
12:39:56.606,277.437,0.05
12:39:56.664,277.495,0.05
12:39:56.721,277.552,0.06
12:39:56.778,277.609,0.05
12:39:56.836,277.667,0.07
12:39:56.893,277.725,0.06
12:39:56.951,277.782,0.06
12:39:57.008,277.839,0.06
12:39:57.066,277.897,0.06
12:39:57.124,277.955,0.06
12:39:57.181,278.013,0.06
12:39:57.244,278.075,0.06
12:39:57.297,278.128,0.06
12:39:57.350,278.181,0.05
12:39:57.410,278.241,0.06
12:39:57.466,278.297,0.06
12:39:57.523,278.354,0.06
12:39:57.582,278.413,0.06
12:39:57.638,278.469,0.06
12:39:57.695,278.526,0.06
12:39:57.752,278.583,0.06
12:39:57.809,278.640,0.05
12:39:57.865,278.696,0.06
12:39:57.922,278.753,0.06
12:39:57.979,278.810,0.06
12:39:58.036,278.867,0.05
12:39:58.094,278.925,0.06
12:39:58.152,278.983,0.07
12:39:58.209,279.041,0.07
12:39:58.267,279.098,0.05
12:39:58.325,279.156,0.06
12:39:58.382,279.213,0.05
12:39:58.439,279.271,0.06
12:39:58.496,279.327,0.06
12:39:58.553,279.384,0.06
12:39:58.609,279.441,0.07
12:39:58.668,279.499,0.06
12:39:58.726,279.557,0.05
12:39:58.784,279.615,0.06
12:39:58.843,279.674,0.06
12:39:58.900,279.731,0.07
12:39:58.957,279.788,0.06
12:39:59.014,279.845,0.06
12:39:59.069,279.901,0.06
12:39:59.126,279.957,0.07
12:39:59.188,280.019,0.05
12:39:59.250,280.082,0.06
12:39:59.306,280.137,0.06
12:39:59.362,280.193,0.06
12:39:59.418,280.249,0.07
12:39:59.475,280.306,0.05
12:39:59.532,280.363,0.06
12:39:59.590,280.422,0.06
12:39:59.642,280.473,0.06
12:39:59.695,280.526,0.05
12:39:59.752,280.583,0.05
12:39:59.808,280.639,0.06
12:39:59.864,280.695,0.05
12:39:59.922,280.753,0.07
12:39:59.979,280.810,0.07
12:40:00.035,280.866,0.06
12:40:00.092,280.923,0.07
12:40:00.149,280.980,0.05
12:40:00.205,281.036,0.06
12:40:00.262,281.093,0.06
12:40:00.320,281.151,0.05
12:40:00.377,281.208,0.06
12:40:00.432,281.263,0.06
12:40:00.484,281.315,0.06
12:40:00.536,281.367,0.05
12:40:00.592,281.423,0.06
12:40:00.649,281.480,0.06
12:40:00.705,281.536,0.07
12:40:00.762,281.593,0.06
12:40:00.820,281.651,0.06
12:40:00.876,281.708,0.07
12:40:00.933,281.764,0.06
12:40:00.995,281.827,0.06
12:40:01.061,281.892,0.06
12:40:01.116,281.947,0.06
12:40:01.173,282.004,0.05
12:40:01.232,282.063,0.06
12:40:01.289,282.120,0.06
12:40:01.345,282.176,0.06
12:40:01.404,282.235,0.07
12:40:01.461,282.292,0.05
12:40:01.516,282.347,0.06
12:40:01.573,282.405,0.06
12:40:01.632,282.463,0.06
12:40:01.688,282.519,0.07
12:40:01.744,282.576,0.06
12:40:01.796,282.627,0.05
12:40:01.854,282.685,0.06
12:40:01.921,282.752,0.06
12:40:01.978,282.809,0.06
12:40:02.034,282.866,0.05
12:40:02.092,282.923,0.06
12:40:02.148,282.979,0.06
12:40:02.204,283.035,0.05
12:40:02.262,283.093,0.05
12:40:02.318,283.149,0.06
12:40:02.375,283.206,0.06
12:40:02.432,283.263,0.06
12:40:02.488,283.319,0.07
12:40:02.546,283.377,0.06
12:40:02.603,283.434,0.06
12:40:02.670,283.501,0.06
12:40:02.727,283.558,0.05
12:40:02.783,283.614,0.06
12:40:02.849,283.680,0.06
12:40:02.908,283.739,0.06
12:40:02.963,283.794,0.07
12:40:03.023,283.854,0.06
12:40:03.090,283.921,0.06
12:40:03.147,283.978,0.05
12:40:03.203,284.034,0.07
12:40:03.260,284.091,0.06
12:40:03.316,284.147,0.05
12:40:03.380,284.211,0.06
12:40:03.449,284.280,0.05
12:40:03.507,284.338,0.05
12:40:03.564,284.395,0.06
12:40:03.620,284.452,0.07
12:40:03.677,284.508,0.05
12:40:03.734,284.565,0.06
12:40:03.786,284.617,0.06
12:40:03.837,284.668,0.06
12:40:03.894,284.725,0.06
12:40:03.951,284.782,0.05
12:40:04.008,284.839,0.06
12:40:04.061,284.892,0.06
12:40:04.113,284.944,0.05
12:40:04.180,285.011,0.06
12:40:04.238,285.069,0.06
12:40:04.295,285.126,0.06
12:40:04.353,285.184,0.06
12:40:04.411,285.242,0.06
12:40:04.465,285.297,0.06
12:40:04.526,285.357,0.06
12:40:04.581,285.413,0.06
12:40:04.640,285.471,0.06
12:40:04.696,285.527,0.06
12:40:04.750,285.581,0.05
12:40:04.803,285.634,0.06
12:40:04.859,285.691,0.06
12:40:04.911,285.743,0.06
12:40:04.962,285.793,0.05
12:40:05.018,285.849,0.07
12:40:05.073,285.904,0.05
12:40:05.131,285.962,0.05
12:40:05.187,286.018,0.06
12:40:05.239,286.070,0.06
12:40:05.301,286.132,0.04
12:40:05.358,286.189,0.07
12:40:05.414,286.245,0.05
12:40:05.471,286.302,0.06
12:40:05.528,286.359,0.07
12:40:05.585,286.417,0.07
12:40:05.649,286.480,0.06
12:40:05.710,286.541,0.05
12:40:05.766,286.597,0.06
12:40:05.823,286.654,0.07
12:40:05.881,286.712,0.06
12:40:05.938,286.770,0.06
12:40:06.000,286.831,0.05
12:40:06.062,286.893,0.05
12:40:06.117,286.948,0.05
12:40:06.174,287.005,0.07
12:40:06.231,287.062,0.07
12:40:06.287,287.118,0.05
12:40:06.345,287.176,0.05
12:40:06.402,287.233,0.07
12:40:06.460,287.291,0.05
12:40:06.516,287.347,0.07
12:40:06.573,287.404,0.06
12:40:06.630,287.461,0.06
12:40:06.687,287.518,0.06
12:40:06.743,287.574,0.05
12:40:06.805,287.636,0.05
12:40:06.856,287.687,0.06
12:40:06.913,287.744,0.06
12:40:06.975,287.806,0.06
12:40:07.027,287.858,0.06
12:40:07.085,287.916,0.06
12:40:07.142,287.973,0.06
12:40:07.207,288.038,0.06
12:40:07.268,288.099,0.06
12:40:07.325,288.156,0.06
12:40:07.383,288.214,0.06
12:40:07.440,288.271,0.06
12:40:07.497,288.328,0.06
12:40:07.555,288.386,0.06
12:40:07.614,288.445,0.05
12:40:07.676,288.507,0.06
12:40:07.736,288.567,0.06
12:40:07.794,288.625,0.06
12:40:07.850,288.681,0.05
12:40:07.908,288.739,0.06
12:40:07.965,288.796,0.06
12:40:08.022,288.853,0.05
12:40:08.082,288.913,0.04
12:40:08.135,288.966,0.07
12:40:08.192,289.023,0.06
12:40:08.248,289.079,0.06
12:40:08.302,289.133,0.06
12:40:08.357,289.188,0.06
12:40:08.415,289.246,0.05
12:40:08.471,289.302,0.05
12:40:08.529,289.360,0.06
12:40:08.587,289.418,0.06
12:40:08.645,289.476,0.06
12:40:08.704,289.535,0.05
12:40:08.756,289.587,0.06
12:40:08.808,289.639,0.06
12:40:08.866,289.697,0.06
12:40:08.914,289.745,0.06
12:40:08.990,289.821,0.06
12:40:09.049,289.880,0.05
12:40:09.108,289.939,0.06
12:40:09.159,289.990,0.06
12:40:09.229,290.060,0.06
12:40:09.287,290.118,0.06
12:40:09.344,290.175,0.06
12:40:09.400,290.231,0.05
12:40:09.456,290.287,0.06
12:40:09.512,290.344,0.06
12:40:09.568,290.399,0.05
12:40:09.625,290.456,0.06
12:40:09.682,290.513,0.06
12:40:09.739,290.570,0.06
12:40:09.795,290.626,0.06
12:40:09.852,290.683,0.06
12:40:09.909,290.740,0.07
12:40:09.966,290.797,0.06
12:40:10.022,290.853,0.06
12:40:10.090,290.921,0.06
12:40:10.147,290.978,0.06
12:40:10.205,291.036,0.06
12:40:10.262,291.093,0.06
12:40:10.321,291.152,0.06
12:40:10.378,291.209,0.05
12:40:10.437,291.268,0.05
12:40:10.500,291.331,0.06
12:40:10.569,291.400,0.06
12:40:10.630,291.461,0.05
12:40:10.685,291.516,0.07
12:40:10.742,291.573,0.06
12:40:10.799,291.630,0.06
12:40:10.857,291.688,0.06
12:40:10.914,291.745,0.07
12:40:10.979,291.810,0.06
12:40:11.036,291.868,0.06
12:40:11.093,291.924,0.07
12:40:11.150,291.981,0.06
12:40:11.207,292.038,0.05
12:40:11.264,292.095,0.05
12:40:11.315,292.146,0.05
12:40:11.370,292.201,0.07
12:40:11.426,292.258,0.07
12:40:11.483,292.314,0.06
12:40:11.541,292.372,0.06
12:40:11.597,292.428,0.05
12:40:11.652,292.483,0.06
12:40:11.712,292.543,0.05
12:40:11.770,292.601,0.06
12:40:11.826,292.657,0.06
12:40:11.883,292.714,0.06
12:40:11.940,292.771,0.06
12:40:11.991,292.823,0.06
12:40:12.044,292.875,0.06
12:40:12.101,292.932,0.05
12:40:12.157,292.988,0.06
12:40:12.214,293.045,0.06
12:40:12.271,293.102,0.07
12:40:12.328,293.159,0.06
12:40:12.385,293.216,0.06
12:40:12.443,293.274,0.07
12:40:12.500,293.331,0.05
12:40:12.556,293.387,0.05
12:40:12.613,293.444,0.06
12:40:12.669,293.500,0.06
12:40:12.727,293.558,0.07
12:40:12.781,293.612,0.07
12:40:12.842,293.673,0.06
12:40:12.899,293.730,0.06
12:40:12.955,293.786,0.06
12:40:13.012,293.843,0.06
12:40:13.069,293.900,0.05
12:40:13.127,293.958,0.06
12:40:13.185,294.016,0.06
12:40:13.244,294.075,0.05
12:40:13.310,294.141,0.07
12:40:13.368,294.199,0.06
12:40:13.423,294.254,0.06
12:40:13.482,294.313,0.09
12:40:13.537,294.369,0.06
12:40:13.594,294.425,0.05
12:40:13.647,294.478,0.07
12:40:13.706,294.537,0.05
12:40:13.763,294.594,0.04
12:40:13.821,294.652,0.06
12:40:13.877,294.708,0.06
12:40:13.933,294.764,0.07
12:40:13.992,294.823,0.06
12:40:14.044,294.876,0.06
12:40:14.105,294.937,0.05
12:40:14.163,294.994,0.06
12:40:14.219,295.050,0.06
12:40:14.276,295.107,0.05
12:40:14.332,295.163,0.06
12:40:14.389,295.220,0.06
12:40:14.445,295.277,0.07
12:40:14.503,295.334,0.07
12:40:14.560,295.391,0.06
12:40:14.616,295.447,0.05
12:40:14.670,295.502,0.06
12:40:14.732,295.563,0.06
12:40:14.789,295.620,0.05
12:40:14.847,295.678,0.05
12:40:14.905,295.736,0.06
12:40:14.970,295.801,0.05
12:40:15.027,295.858,0.06
12:40:15.083,295.915,0.04
12:40:15.136,295.968,0.06
12:40:15.191,296.022,0.06
12:40:15.246,296.077,0.05
12:40:15.303,296.134,0.07
12:40:15.361,296.192,0.04
12:40:15.417,296.248,0.06
12:40:15.474,296.305,0.06
12:40:15.532,296.363,0.04
12:40:15.588,296.419,0.06
12:40:15.645,296.476,0.06
12:40:15.702,296.534,0.07
12:40:15.759,296.590,0.06
12:40:15.815,296.646,0.05
12:40:15.871,296.702,0.06
12:40:15.928,296.759,0.05
12:40:15.984,296.815,0.05
12:40:16.042,296.873,0.07
12:40:16.098,296.929,0.07
12:40:16.155,296.987,0.05
12:40:16.221,297.052,0.06
12:40:16.278,297.110,0.07
12:40:16.335,297.166,0.05
12:40:16.392,297.223,0.05
12:40:16.448,297.279,0.07
12:40:16.506,297.337,0.06
12:40:16.563,297.394,0.06
12:40:16.621,297.452,0.06
12:40:16.678,297.509,0.06
12:40:16.735,297.566,0.05
12:40:16.793,297.624,0.06
12:40:16.851,297.682,0.05
12:40:16.903,297.734,0.06
12:40:16.955,297.786,0.07
12:40:17.013,297.844,0.05
12:40:17.067,297.898,0.07
12:40:17.121,297.952,0.05
12:40:17.173,298.004,0.05
12:40:17.229,298.060,0.06
12:40:17.288,298.120,0.07
12:40:17.348,298.179,0.06
12:40:17.404,298.235,0.06
12:40:17.456,298.287,0.06
12:40:17.508,298.339,0.06
12:40:17.566,298.397,0.06
12:40:17.624,298.455,0.05
12:40:17.691,298.522,0.06
12:40:17.754,298.585,0.06
12:40:17.806,298.637,0.06
12:40:17.862,298.693,0.06
12:40:17.919,298.750,0.06
12:40:17.974,298.806,0.07
12:40:18.031,298.862,0.06
12:40:18.089,298.920,0.06
12:40:18.147,298.978,0.06
12:40:18.205,299.036,0.06
12:40:18.262,299.093,0.06
12:40:18.318,299.149,0.06
12:40:18.378,299.209,0.06
12:40:18.436,299.267,0.05
12:40:18.494,299.325,0.05
12:40:18.556,299.387,0.07
12:40:18.617,299.448,0.06
12:40:18.674,299.505,0.06
12:40:18.730,299.562,0.05
12:40:18.790,299.621,0.06
12:40:18.847,299.678,0.06
12:40:18.903,299.734,0.06
12:40:18.961,299.792,0.05
12:40:19.016,299.847,0.06
12:40:19.076,299.907,0.05
12:40:19.132,299.964,0.05
12:40:19.191,300.022,0.07
12:40:19.247,300.078,0.06
12:40:19.305,300.136,0.05
12:40:19.363,300.194,0.06
12:40:19.420,300.251,0.06
12:40:19.477,300.308,0.05
12:40:19.532,300.363,0.06
12:40:19.591,300.422,0.06
12:40:19.646,300.477,0.05
12:40:19.704,300.535,0.06
12:40:19.762,300.593,0.06
12:40:19.818,300.649,0.06
12:40:19.875,300.706,0.06
12:40:19.933,300.764,0.05
12:40:19.991,300.822,0.07
12:40:20.048,300.879,0.06
12:40:20.105,300.936,0.06
12:40:20.161,300.992,0.06
12:40:20.218,301.049,0.06
12:40:20.275,301.106,0.06
12:40:20.329,301.160,0.06
12:40:20.393,301.225,0.06
12:40:20.450,301.281,0.06
12:40:20.507,301.338,0.06
12:40:20.565,301.396,0.06
12:40:20.631,301.462,0.06
12:40:20.691,301.522,0.05
12:40:20.746,301.577,0.06
12:40:20.801,301.632,0.06
12:40:20.861,301.692,0.06
12:40:20.918,301.749,0.05
12:40:20.975,301.807,0.05
12:40:21.034,301.865,0.06
12:40:21.089,301.921,0.06
12:40:21.146,301.977,0.06
12:40:21.204,302.036,0.06
12:40:21.258,302.089,0.05
12:40:21.321,302.152,0.07
12:40:21.378,302.209,0.06
12:40:21.444,302.275,0.05
12:40:21.508,302.339,0.06
12:40:21.569,302.400,0.06
12:40:21.625,302.456,0.06
12:40:21.677,302.508,0.06
12:40:21.733,302.564,0.05
12:40:21.798,302.629,0.05
12:40:21.849,302.680,0.06
12:40:21.905,302.736,0.05
12:40:21.963,302.794,0.06
12:40:22.019,302.850,0.06
12:40:22.078,302.909,0.06
12:40:22.136,302.967,0.06
12:40:22.193,303.024,0.06
12:40:22.251,303.082,0.06
12:40:22.303,303.134,0.06
12:40:22.354,303.186,0.06
12:40:22.412,303.243,0.06
12:40:22.468,303.299,0.06
12:40:22.524,303.356,0.06
12:40:22.582,303.413,0.06
12:40:22.637,303.469,0.05
12:40:22.698,303.529,0.05
12:40:22.754,303.585,0.06
12:40:22.812,303.643,0.06
12:40:22.871,303.702,0.06
12:40:22.928,303.759,0.06
12:40:22.985,303.816,0.06
12:40:23.038,303.869,0.06
12:40:23.099,303.930,0.06
12:40:23.155,303.986,0.06
12:40:23.213,304.044,0.06
12:40:23.269,304.100,0.07
12:40:23.325,304.157,0.06
12:40:23.384,304.215,0.06
12:40:23.441,304.272,0.06
12:40:23.498,304.329,0.06
12:40:23.555,304.386,0.05
12:40:23.612,304.444,0.06
12:40:23.670,304.501,0.06
12:40:23.725,304.556,0.06
12:40:23.785,304.616,-1.02
12:40:23.842,304.674,0.05
12:40:23.908,304.739,0.06
12:40:23.967,304.798,0.06
12:40:24.034,304.865,0.06
12:40:24.090,304.921,0.06
12:40:24.151,304.982,0.07
12:40:24.205,305.036,0.07
12:40:24.263,305.095,0.06
12:40:24.315,305.146,0.06
12:40:24.371,305.202,0.06
12:40:24.428,305.259,0.07
12:40:24.485,305.316,0.06
12:40:24.538,305.369,0.06
12:40:24.599,305.430,0.06
12:40:24.655,305.486,0.05
12:40:24.711,305.543,0.06
12:40:24.772,305.603,0.06
12:40:24.828,305.659,0.05
12:40:24.884,305.715,0.05
12:40:24.941,305.772,0.06
12:40:24.997,305.829,0.04
12:40:25.054,305.885,0.06
12:40:25.116,305.947,0.06
12:40:25.178,306.009,0.07
12:40:25.236,306.067,0.06
12:40:25.293,306.124,0.07
12:40:25.351,306.182,0.06
12:40:25.404,306.235,0.07
12:40:25.464,306.295,0.06
12:40:25.530,306.361,0.05
12:40:25.588,306.419,0.07
12:40:25.646,306.477,0.06
12:40:25.704,306.535,0.05
12:40:25.771,306.602,0.06
12:40:25.828,306.659,0.06
12:40:25.886,306.718,0.06
12:40:25.944,306.775,0.06
12:40:26.003,306.834,0.06
12:40:26.065,306.896,0.07
12:40:26.119,306.950,0.05
12:40:26.176,307.007,0.06
12:40:26.234,307.065,0.06
12:40:26.295,307.126,0.06
12:40:26.347,307.178,0.05
12:40:26.424,307.255,0.06
12:40:26.482,307.313,0.06
12:40:26.538,307.369,0.06
12:40:26.596,307.428,0.05
12:40:26.652,307.483,0.06
12:40:26.718,307.549,0.05
12:40:26.778,307.610,0.06
12:40:26.836,307.667,0.06
12:40:26.892,307.723,0.07
12:40:26.951,307.782,0.06
12:40:27.009,307.840,0.06
12:40:27.067,307.898,0.05
12:40:27.125,307.956,0.05
12:40:27.183,308.014,0.06
12:40:27.241,308.072,0.06
12:40:27.297,308.129,0.06
12:40:27.355,308.187,0.07
12:40:27.412,308.244,0.07
12:40:27.470,308.301,0.07
12:40:27.532,308.364,0.05
12:40:27.593,308.424,0.06
12:40:27.649,308.480,0.05
12:40:27.705,308.537,0.06
12:40:27.762,308.593,0.06
12:40:27.819,308.650,0.07
12:40:27.876,308.707,0.06
12:40:27.933,308.764,0.06
12:40:27.989,308.820,0.06
12:40:28.047,308.879,0.06
12:40:28.104,308.935,0.06
12:40:28.171,309.002,0.06
12:40:28.228,309.059,0.05
12:40:28.285,309.116,0.06
12:40:28.341,309.172,0.06
12:40:28.398,309.229,0.05
12:40:28.456,309.287,0.07
12:40:28.519,309.350,0.06
12:40:28.579,309.410,0.06
12:40:28.643,309.475,0.05
12:40:28.695,309.526,0.06
12:40:28.754,309.585,0.06
12:40:28.811,309.642,0.06
12:40:28.869,309.701,0.06
12:40:28.927,309.758,0.06
12:40:28.984,309.815,0.05
12:40:29.041,309.873,0.06
12:40:29.098,309.929,0.06
12:40:29.154,309.985,0.06
12:40:29.206,310.037,0.06
12:40:29.267,310.098,0.06
12:40:29.324,310.155,0.06
12:40:29.387,310.219,0.06
12:40:29.448,310.279,0.06
12:40:29.504,310.335,0.06
12:40:29.572,310.403,0.06
12:40:29.630,310.461,0.05
12:40:29.687,310.518,0.06
12:40:29.753,310.584,0.06
12:40:29.807,310.638,0.06
12:40:29.859,310.690,0.06
12:40:29.916,310.747,0.06
12:40:29.974,310.805,0.05
12:40:30.032,310.863,0.06
12:40:30.089,310.920,0.05
12:40:30.154,310.985,0.06
12:40:30.214,311.045,0.06
12:40:30.273,311.104,0.07
12:40:30.329,311.160,0.06
12:40:30.386,311.217,0.06
12:40:30.443,311.274,0.06
12:40:30.500,311.331,0.05
12:40:30.557,311.388,0.05
12:40:30.614,311.445,0.06
12:40:30.671,311.502,0.06
12:40:30.728,311.559,0.07
12:40:30.790,311.621,0.06
12:40:30.842,311.673,0.06
12:40:30.897,311.728,0.07
12:40:30.954,311.785,0.04
12:40:31.011,311.842,0.05
12:40:31.065,311.896,0.06
12:40:31.126,311.957,0.06
12:40:31.183,312.014,0.07
12:40:31.243,312.074,0.07
12:40:31.300,312.131,0.06
12:40:31.358,312.189,0.06
12:40:31.416,312.247,0.07
12:40:31.474,312.305,0.05
12:40:31.530,312.361,0.06
12:40:31.587,312.418,0.05
12:40:31.649,312.480,0.06
12:40:31.704,312.535,0.06
12:40:31.771,312.602,0.05
12:40:31.829,312.660,0.06
12:40:31.885,312.716,0.06
12:40:31.951,312.782,0.06
12:40:32.007,312.838,0.07
12:40:32.065,312.896,0.06
12:40:32.122,312.953,0.06
12:40:32.178,313.009,0.06
12:40:32.234,313.065,0.06
12:40:32.292,313.123,0.05
12:40:32.348,313.179,0.06
12:40:32.400,313.231,0.06
12:40:32.457,313.288,0.06
12:40:32.519,313.350,0.06
12:40:32.575,313.407,0.06
12:40:32.631,313.462,0.06
12:40:32.691,313.522,0.06
12:40:32.749,313.580,0.06
12:40:32.806,313.637,0.07
12:40:32.863,313.694,0.05
12:40:32.922,313.753,0.06
12:40:32.979,313.810,0.06
12:40:33.041,313.872,0.06
12:40:33.094,313.925,0.06
12:40:33.150,313.981,0.05
12:40:33.208,314.039,0.06
12:40:33.261,314.092,0.05
12:40:33.321,314.153,0.06
12:40:33.384,314.215,0.06
12:40:33.438,314.269,0.05
12:40:33.495,314.326,0.06
12:40:33.561,314.393,0.07
12:40:33.627,314.459,0.06
12:40:33.686,314.517,0.06
12:40:33.737,314.568,0.06
12:40:33.789,314.621,0.06
12:40:33.849,314.680,0.06
12:40:33.903,314.734,0.06
12:40:33.955,314.786,0.06
12:40:34.007,314.839,0.06
12:40:34.062,314.893,0.06
12:40:34.113,314.944,0.06
12:40:34.234,315.065,0.06
